npm warn tar TAR_ENTRY_ERROR ENOENT: no such file or directory, open '/root/HH1/artifacts/website/node_modules/@simplewebauthn/browser/script/helpers/toAuthenticatorAttachment.js'
npm warn tar TAR_ENTRY_ERROR ENOENT: no such file or directory, open '/root/HH1/artifacts/website/node_modules/@fontsource/inter/latin-ext-300.css'
npm warn tar TAR_ENTRY_ERROR ENOENT: no such file or directory, lstat '/root/HH1/artifacts/website/node_modules/react-day-picker/dist/cjs'
npm warn tar TAR_ENTRY_ERROR ENOENT: no such file or directory, lstat '/root/HH1/artifacts/website/node_modules/recharts/lib'
npm warn tar TAR_ENTRY_ERROR ENOENT: no such file or directory, lstat '/root/HH1/artifacts/website/node_modules/@tanstack/react-query/build'
npm warn tar TAR_ENTRY_ERROR ENOENT: no such file or directory, lstat '/root/HH1/artifacts/website/node_modules/@simplewebauthn/browser/esm'
npm warn tar TAR_ENTRY_ERROR ENOENT: no such file or directory, open '/root/HH1/artifacts/website/node_modules/@fontsource/inter/latin-ext-400-italic.css'
npm warn tar TAR_ENTRY_ERROR ENOENT: no such file or directory, lstat '/root/HH1/artifacts/website/node_modules/react-hook-form/dist/types'
npm warn tar TAR_ENTRY_ERROR ENOENT: no such file or directory, lstat '/root/HH1/artifacts/website/node_modules/lucide-react/dist'
npm warn tar TAR_ENTRY_ERROR ENOENT: no such file or directory, lstat '/root/HH1/artifacts/website/node_modules/framer-motion/dist'
npm warn tar TAR_ENTRY_ERROR ENOENT: no such file or directory, lstat '/root/HH1/artifacts/website/node_modules/react-resizable-panels/dist'
npm warn tar TAR_ENTRY_ERROR ENOENT: no such file or directory, lstat '/root/HH1/artifacts/website/node_modules/zod/v4/core'
npm warn tar TAR_ENTRY_ERROR ENOENT: no such file or directory, open '/root/HH1/artifacts/website/node_modules/tailwind-merge/src/index.ts'
npm warn tar TAR_ENTRY_ERROR ENOENT: no such file or directory, open '/root/HH1/artifacts/website/node_modules/@hookform/resolvers/typanion/dist/typanion.js'
npm warn tar TAR_ENTRY_ERROR ENOENT: no such file or directory, open '/root/HH1/artifacts/website/node_modules/date-fns/locale/_lib/buildMatchPatternFn.js'
npm warn tar TAR_ENTRY_ERROR ENOENT: no such file or directory, open '/root/HH1/artifacts/website/node_modules/react-day-picker/node_modules/date-fns/locale/ar-TN.cjs'
npm warn tar TAR_ENTRY_ERROR ENOENT: no such file or directory, open '/root/HH1/artifacts/website/node_modules/@fontsource/inter/latin-ext-400.css'
npm warn tar TAR_ENTRY_ERROR ENOENT: no such file or directory, lstat '/root/HH1/artifacts/website/node_modules/react-day-picker/dist'
npm warn tar TAR_ENTRY_ERROR ENOENT: no such file or directory, lstat '/root/HH1/artifacts/website/node_modules/@hookform/resolvers/typanion'
npm warn tar TAR_ENTRY_ERROR ENOENT: no such file or directory, lstat '/root/HH1/artifacts/website/node_modules/tailwind-merge/src'
npm warn tar TAR_ENTRY_ERROR ENOENT: no such file or directory, lstat '/root/HH1/artifacts/website/node_modules/react-day-picker/node_modules/date-fns/locale'
npm warn tar TAR_ENTRY_ERROR ENOENT: no such file or directory, lstat '/root/HH1/artifacts/website/node_modules/recharts/es6'
npm warn tar TAR_ENTRY_ERROR ENOENT: no such file or directory, lstat '/root/HH1/artifacts/website/node_modules/date-fns/locale'
npm warn tar TAR_ENTRY_ERROR ENOENT: no such file or directory, lstat '/root/HH1/artifacts/website/node_modules/@tanstack/react-query/build'
npm warn tar TAR_ENTRY_ERROR ENOENT: no such file or directory, lstat '/root/HH1/artifacts/website/node_modules/@simplewebauthn/browser/script'
npm warn tar TAR_ENTRY_ERROR ENOENT: no such file or directory, lstat '/root/HH1/artifacts/website/node_modules/tailwindcss/dist'
npm warn tar TAR_ENTRY_ERROR ENOENT: no such file or directory, open '/root/HH1/artifacts/website/node_modules/@fontsource/inter/latin-ext-500-italic.css'
npm warn tar TAR_ENTRY_ERROR ENOENT: no such file or directory, lstat '/root/HH1/artifacts/website/node_modules/react-hook-form/dist'
npm warn tar TAR_ENTRY_ERROR ENOENT: no such file or directory, lstat '/root/HH1/artifacts/website/node_modules/framer-motion/dist'
npm warn tar TAR_ENTRY_ERROR ENOENT: no such file or directory, lstat '/root/HH1/artifacts/website/node_modules/lucide-react/dist'
npm warn tar TAR_ENTRY_ERROR ENOENT: no such file or directory, lstat '/root/HH1/artifacts/website/node_modules/react-resizable-panels/dist'
npm warn tar TAR_ENTRY_ERROR ENOENT: no such file or directory, lstat '/root/HH1/artifacts/website/node_modules/zod/v4'
npm warn tar TAR_ENTRY_ERROR ENOENT: no such file or directory, open '/root/HH1/artifacts/website/node_modules/@fontsource/inter/latin-ext-500.css'
npm warn tar TAR_ENTRY_ERROR ENOENT: no such file or directory, lstat '/root/HH1/artifacts/website/node_modules/@hookform/resolvers/typanion'
npm warn tar TAR_ENTRY_ERROR ENOENT: no such file or directory, lstat '/root/HH1/artifacts/website/node_modules/tailwind-merge/src'
npm warn tar TAR_ENTRY_ERROR ENOENT: no such file or directory, open '/root/HH1/artifacts/website/node_modules/react-day-picker/node_modules/date-fns/areIntervalsOverlapping.cjs'
npm warn tar TAR_ENTRY_ERROR ENOENT: no such file or directory, lstat '/root/HH1/artifacts/website/node_modules/recharts/lib'
npm warn tar TAR_ENTRY_ERROR ENOENT: no such file or directory, lstat '/root/HH1/artifacts/website/node_modules/vite/dist'
npm warn tar TAR_ENTRY_ERROR ENOENT: no such file or directory, open '/root/HH1/artifacts/website/node_modules/date-fns/cdn.js'
npm warn tar TAR_ENTRY_ERROR ENOENT: no such file or directory, lstat '/root/HH1/artifacts/website/node_modules/@tanstack/react-query/build'
npm warn tar TAR_ENTRY_ERROR ENOENT: no such file or directory, lstat '/root/HH1/artifacts/website/node_modules/@simplewebauthn/browser/esm'
npm warn tar TAR_ENTRY_ERROR ENOENT: no such file or directory, lstat '/root/HH1/artifacts/website/node_modules/tailwindcss/dist'
npm warn tar TAR_ENTRY_ERROR ENOENT: no such file or directory, open '/root/HH1/artifacts/website/node_modules/@fontsource/inter/latin-ext-600-italic.css'
npm warn tar TAR_ENTRY_ERROR ENOENT: no such file or directory, lstat '/root/HH1/artifacts/website/node_modules/react-hook-form/dist'
npm warn tar TAR_ENTRY_ERROR ENOENT: no such file or directory, lstat '/root/HH1/artifacts/website/node_modules/framer-motion/dist'
npm warn tar TAR_ENTRY_ERROR ENOENT: no such file or directory, lstat '/root/HH1/artifacts/website/node_modules/lucide-react/dist'
npm warn tar TAR_ENTRY_ERROR ENOENT: no such file or directory, lstat '/root/HH1/artifacts/website/node_modules/react-day-picker/dist'
npm warn tar TAR_ENTRY_ERROR ENOENT: no such file or directory, lstat '/root/HH1/artifacts/website/node_modules/react-resizable-panels/dist'
npm warn tar TAR_ENTRY_ERROR ENOENT: no such file or directory, lstat '/root/HH1/artifacts/website/node_modules/zod/v4'
npm warn tar TAR_ENTRY_ERROR ENOENT: no such file or directory, lstat '/root/HH1/artifacts/website/node_modules/react-day-picker/node_modules/date-fns/fp'
npm warn tar TAR_ENTRY_ERROR ENOENT: no such file or directory, open '/root/HH1/artifacts/website/node_modules/@types/node/module.d.ts'
npm warn tar TAR_ENTRY_ERROR ENOENT: no such file or directory, open '/root/HH1/artifacts/website/node_modules/@fontsource/inter/latin-ext-600.css'
npm warn tar TAR_ENTRY_ERROR ENOENT: no such file or directory, lstat '/root/HH1/artifacts/website/node_modules/tailwind-merge/src'
npm warn tar TAR_ENTRY_ERROR ENOENT: no such file or directory, lstat '/root/HH1/artifacts/website/node_modules/recharts/es6'
npm warn tar TAR_ENTRY_ERROR ENOENT: no such file or directory, lstat '/root/HH1/artifacts/website/node_modules/vite/dist'
npm warn tar TAR_ENTRY_ERROR ENOENT: no such file or directory, lstat '/root/HH1/artifacts/website/node_modules/date-fns/fp'
npm warn tar TAR_ENTRY_ERROR ENOENT: no such file or directory, lstat '/root/HH1/artifacts/website/node_modules/@tanstack/react-query/build'
npm warn tar TAR_ENTRY_ERROR ENOENT: no such file or directory, lstat '/root/HH1/artifacts/website/node_modules/@simplewebauthn/browser/script'
npm warn tar TAR_ENTRY_ERROR ENOENT: no such file or directory, lstat '/root/HH1/artifacts/website/node_modules/tailwindcss/dist'
npm warn tar TAR_ENTRY_ERROR ENOENT: no such file or directory, lstat '/root/HH1/artifacts/website/node_modules/@hookform/resolvers/typebox'
npm warn tar TAR_ENTRY_ERROR ENOENT: no such file or directory, open '/root/HH1/artifacts/website/node_modules/@fontsource/inter/latin-ext-700-italic.css'
npm warn tar TAR_ENTRY_ERROR ENOENT: no such file or directory, lstat '/root/HH1/artifacts/website/node_modules/framer-motion/dist'
npm warn tar TAR_ENTRY_ERROR ENOENT: no such file or directory, lstat '/root/HH1/artifacts/website/node_modules/lucide-react/dist'
npm warn tar TAR_ENTRY_ERROR ENOENT: no such file or directory, lstat '/root/HH1/artifacts/website/node_modules/react-day-picker/dist'
npm warn tar TAR_ENTRY_ERROR ENOENT: no such file or directory, lstat '/root/HH1/artifacts/website/node_modules/react-resizable-panels/dist'
npm warn tar TAR_ENTRY_ERROR ENOENT: no such file or directory, lstat '/root/HH1/artifacts/website/node_modules/zod/v4'
npm warn tar TAR_ENTRY_ERROR ENOENT: no such file or directory, lstat '/root/HH1/artifacts/website/node_modules/react-hook-form/dist'
npm warn tar TAR_ENTRY_ERROR ENOENT: no such file or directory, lstat '/root/HH1/artifacts/website/node_modules/react-day-picker/node_modules/date-fns/fp'
npm warn tar TAR_ENTRY_ERROR ENOENT: no such file or directory, open '/root/HH1/artifacts/website/node_modules/@types/node/net.d.ts'
npm warn tar TAR_ENTRY_ERROR ENOENT: no such file or directory, open '/root/HH1/artifacts/website/node_modules/@fontsource/inter/latin-ext-700.css'
npm warn tar TAR_ENTRY_ERROR ENOENT: no such file or directory, lstat '/root/HH1/artifacts/website/node_modules/tailwind-merge/src'
npm warn tar TAR_ENTRY_ERROR ENOENT: no such file or directory, lstat '/root/HH1/artifacts/website/node_modules/vite/misc'
npm warn tar TAR_ENTRY_ERROR ENOENT: no such file or directory, lstat '/root/HH1/artifacts/website/node_modules/recharts/lib'
npm warn tar TAR_ENTRY_ERROR ENOENT: no such file or directory, lstat '/root/HH1/artifacts/website/node_modules/date-fns/locale'
npm warn tar TAR_ENTRY_ERROR ENOENT: no such file or directory, lstat '/root/HH1/artifacts/website/node_modules/@tanstack/react-query/build'
npm warn tar TAR_ENTRY_ERROR ENOENT: no such file or directory, lstat '/root/HH1/artifacts/website/node_modules/@simplewebauthn/browser/esm'
npm warn tar TAR_ENTRY_ERROR ENOENT: no such file or directory, lstat '/root/HH1/artifacts/website/node_modules/tailwindcss/dist'
npm warn tar TAR_ENTRY_ERROR ENOENT: no such file or directory, open '/root/HH1/artifacts/website/node_modules/@fontsource/inter/latin-ext-800-italic.css'
npm warn tar TAR_ENTRY_ERROR ENOENT: no such file or directory, lstat '/root/HH1/artifacts/website/node_modules/@hookform/resolvers/typebox'
npm warn tar TAR_ENTRY_ERROR ENOENT: no such file or directory, lstat '/root/HH1/artifacts/website/node_modules/framer-motion/dist'
npm warn tar TAR_ENTRY_ERROR ENOENT: no such file or directory, lstat '/root/HH1/artifacts/website/node_modules/lucide-react/dist'
npm warn tar TAR_ENTRY_ERROR ENOENT: no such file or directory, lstat '/root/HH1/artifacts/website/node_modules/react-day-picker/dist'
npm warn tar TAR_ENTRY_ERROR ENOENT: no such file or directory, lstat '/root/HH1/artifacts/website/node_modules/react-resizable-panels/dist'
npm warn tar TAR_ENTRY_ERROR ENOENT: no such file or directory, open '/root/HH1/artifacts/website/node_modules/zod/index.cjs'
npm warn tar TAR_ENTRY_ERROR ENOENT: no such file or directory, lstat '/root/HH1/artifacts/website/node_modules/react-day-picker/node_modules/date-fns/locale'
npm warn tar TAR_ENTRY_ERROR ENOENT: no such file or directory, lstat '/root/HH1/artifacts/website/node_modules/react-hook-form/dist'
npm warn tar TAR_ENTRY_ERROR ENOENT: no such file or directory, open '/root/HH1/artifacts/website/node_modules/@types/node/os.d.ts'
npm warn tar TAR_ENTRY_ERROR ENOENT: no such file or directory, open '/root/HH1/artifacts/website/node_modules/@fontsource/inter/latin-ext-800.css'
npm warn tar TAR_ENTRY_ERROR ENOENT: no such file or directory, lstat '/root/HH1/artifacts/website/node_modules/zod/v3'
npm warn tar TAR_ENTRY_ERROR ENOENT: no such file or directory, lstat '/root/HH1/artifacts/website/node_modules/tailwind-merge/src'
npm warn tar TAR_ENTRY_ERROR ENOENT: no such file or directory, lstat '/root/HH1/artifacts/website/node_modules/vite/dist'
npm warn tar TAR_ENTRY_ERROR ENOENT: no such file or directory, lstat '/root/HH1/artifacts/website/node_modules/recharts/es6'
npm warn tar TAR_ENTRY_ERROR ENOENT: no such file or directory, lstat '/root/HH1/artifacts/website/node_modules/@tanstack/react-query/build'
npm warn tar TAR_ENTRY_ERROR ENOENT: no such file or directory, lstat '/root/HH1/artifacts/website/node_modules/date-fns/locale'
npm warn tar TAR_ENTRY_ERROR ENOENT: no such file or directory, open '/root/HH1/artifacts/website/node_modules/tailwindcss/LICENSE'
npm warn tar TAR_ENTRY_ERROR ENOENT: no such file or directory, lstat '/root/HH1/artifacts/website/node_modules/framer-motion/dist'
npm warn tar TAR_ENTRY_ERROR ENOENT: no such file or directory, lstat '/root/HH1/artifacts/website/node_modules/@simplewebauthn/browser/script'
npm warn tar TAR_ENTRY_ERROR ENOENT: no such file or directory, lstat '/root/HH1/artifacts/website/node_modules/lucide-react/dist'
npm warn tar TAR_ENTRY_ERROR ENOENT: no such file or directory, lstat '/root/HH1/artifacts/website/node_modules/@hookform/resolvers/typebox'
npm warn tar TAR_ENTRY_ERROR ENOENT: no such file or directory, open '/root/HH1/artifacts/website/node_modules/@fontsource/inter/latin-ext-900-italic.css'
npm warn tar TAR_ENTRY_ERROR ENOENT: no such file or directory, lstat '/root/HH1/artifacts/website/node_modules/react-day-picker/dist'
npm warn tar TAR_ENTRY_ERROR ENOENT: no such file or directory, lstat '/root/HH1/artifacts/website/node_modules/react-resizable-panels/dist'
npm warn tar TAR_ENTRY_ERROR ENOENT: no such file or directory, lstat '/root/HH1/artifacts/website/node_modules/react-day-picker/node_modules/date-fns/locale'
npm warn tar TAR_ENTRY_ERROR ENOENT: no such file or directory, open '/root/HH1/artifacts/website/node_modules/@types/node/package.json'
npm warn tar TAR_ENTRY_ERROR ENOENT: no such file or directory, lstat '/root/HH1/artifacts/website/node_modules/react-hook-form/dist'
npm warn tar TAR_ENTRY_ERROR ENOENT: no such file or directory, lstat '/root/HH1/artifacts/website/node_modules/zod/v4-mini'
npm warn tar TAR_ENTRY_ERROR ENOENT: no such file or directory, open '/root/HH1/artifacts/website/node_modules/@fontsource/inter/latin-ext-900.css'
npm warn tar TAR_ENTRY_ERROR ENOENT: no such file or directory, lstat '/root/HH1/artifacts/website/node_modules/tailwind-merge/src'
npm warn tar TAR_ENTRY_ERROR ENOENT: no such file or directory, lstat '/root/HH1/artifacts/website/node_modules/vite/dist'
npm warn tar TAR_ENTRY_ERROR ENOENT: no such file or directory, lstat '/root/HH1/artifacts/website/node_modules/@tanstack/react-query/build'
npm warn tar TAR_ENTRY_ERROR ENOENT: no such file or directory, lstat '/root/HH1/artifacts/website/node_modules/recharts/lib'
npm warn tar TAR_ENTRY_ERROR ENOENT: no such file or directory, lstat '/root/HH1/artifacts/website/node_modules/date-fns/locale'
npm warn tar TAR_ENTRY_ERROR ENOENT: no such file or directory, lstat '/root/HH1/artifacts/website/node_modules/@simplewebauthn/browser/esm'
npm warn tar TAR_ENTRY_ERROR ENOENT: no such file or directory, lstat '/root/HH1/artifacts/website/node_modules/framer-motion/dist'
npm warn tar TAR_ENTRY_ERROR ENOENT: no such file or directory, lstat '/root/HH1/artifacts/website/node_modules/lucide-react/dist'
npm warn tar TAR_ENTRY_ERROR ENOENT: no such file or directory, lstat '/root/HH1/artifacts/website/node_modules/react-day-picker/dist'
npm warn tar TAR_ENTRY_ERROR ENOENT: no such file or directory, lstat '/root/HH1/artifacts/website/node_modules/@hookform/resolvers/typeschema'
npm warn tar TAR_ENTRY_ERROR ENOENT: no such file or directory, lstat '/root/HH1/artifacts/website/node_modules/react-resizable-panels/dist'
npm warn tar TAR_ENTRY_ERROR ENOENT: no such file or directory, lstat '/root/HH1/artifacts/website/node_modules/react-day-picker/node_modules/date-fns/locale'
npm warn tar TAR_ENTRY_ERROR ENOENT: no such file or directory, open '/root/HH1/artifacts/website/node_modules/@fontsource/inter/latin-ext-italic.css'
npm warn tar TAR_ENTRY_ERROR ENOENT: no such file or directory, open '/root/HH1/artifacts/website/node_modules/@types/node/path.d.ts'
npm warn tar TAR_ENTRY_ERROR ENOENT: no such file or directory, lstat '/root/HH1/artifacts/website/node_modules/react-hook-form/dist'
npm warn tar TAR_ENTRY_ERROR ENOENT: no such file or directory, lstat '/root/HH1/artifacts/website/node_modules/zod/v4'
npm warn tar TAR_ENTRY_ERROR ENOENT: no such file or directory, lstat '/root/HH1/artifacts/website/node_modules/tailwind-merge/src'
npm warn tar TAR_ENTRY_ERROR ENOENT: no such file or directory, open '/root/HH1/artifacts/website/node_modules/@fontsource/inter/latin-ext.css'
npm warn tar TAR_ENTRY_ERROR ENOENT: no such file or directory, lstat '/root/HH1/artifacts/website/node_modules/@tanstack/react-query/build'
npm warn tar TAR_ENTRY_ERROR ENOENT: no such file or directory, lstat '/root/HH1/artifacts/website/node_modules/recharts/es6'
npm warn tar TAR_ENTRY_ERROR ENOENT: no such file or directory, lstat '/root/HH1/artifacts/website/node_modules/date-fns/locale'
npm warn tar TAR_ENTRY_ERROR ENOENT: no such file or directory, lstat '/root/HH1/artifacts/website/node_modules/vite/dist'
npm warn tar TAR_ENTRY_ERROR ENOENT: no such file or directory, lstat '/root/HH1/artifacts/website/node_modules/framer-motion/dist'
npm warn tar TAR_ENTRY_ERROR ENOENT: no such file or directory, lstat '/root/HH1/artifacts/website/node_modules/lucide-react/dist'
npm warn tar TAR_ENTRY_ERROR ENOENT: no such file or directory, lstat '/root/HH1/artifacts/website/node_modules/react-day-picker/dist'
npm warn tar TAR_ENTRY_ERROR ENOENT: no such file or directory, lstat '/root/HH1/artifacts/website/node_modules/@hookform/resolvers/typeschema'
npm warn tar TAR_ENTRY_ERROR ENOENT: no such file or directory, open '/root/HH1/artifacts/website/node_modules/@simplewebauthn/browser/package.json'
npm warn tar TAR_ENTRY_ERROR ENOENT: no such file or directory, lstat '/root/HH1/artifacts/website/node_modules/react-resizable-panels/dist'
npm warn tar TAR_ENTRY_ERROR ENOENT: no such file or directory, open '/root/HH1/artifacts/website/node_modules/@types/node/perf_hooks.d.ts'
npm warn tar TAR_ENTRY_ERROR ENOENT: no such file or directory, lstat '/root/HH1/artifacts/website/node_modules/react-day-picker/node_modules/date-fns/locale'
npm warn tar TAR_ENTRY_ERROR ENOENT: no such file or directory, open '/root/HH1/artifacts/website/node_modules/@fontsource/inter/latin-italic.css'
npm warn tar TAR_ENTRY_ERROR ENOENT: no such file or directory, lstat '/root/HH1/artifacts/website/node_modules/react-hook-form/dist'
npm warn tar TAR_ENTRY_ERROR ENOENT: no such file or directory, lstat '/root/HH1/artifacts/website/node_modules/zod/v4'
npm warn tar TAR_ENTRY_ERROR ENOENT: no such file or directory, lstat '/root/HH1/artifacts/website/node_modules/tailwind-merge/dist'
npm warn tar TAR_ENTRY_ERROR ENOENT: no such file or directory, open '/root/HH1/artifacts/website/node_modules/@fontsource/inter/latin.css'
npm warn tar TAR_ENTRY_ERROR ENOENT: no such file or directory, lstat '/root/HH1/artifacts/website/node_modules/@tanstack/react-query/build'
npm warn tar TAR_ENTRY_ERROR ENOENT: no such file or directory, lstat '/root/HH1/artifacts/website/node_modules/date-fns/locale'
npm warn tar TAR_ENTRY_ERROR ENOENT: no such file or directory, lstat '/root/HH1/artifacts/website/node_modules/vite/dist'
npm warn tar TAR_ENTRY_ERROR ENOENT: no such file or directory, lstat '/root/HH1/artifacts/website/node_modules/lucide-react/dist'
npm warn tar TAR_ENTRY_ERROR ENOENT: no such file or directory, lstat '/root/HH1/artifacts/website/node_modules/framer-motion/dist'
npm warn tar TAR_ENTRY_ERROR ENOENT: no such file or directory, lstat '/root/HH1/artifacts/website/node_modules/react-day-picker/dist'
npm warn tar TAR_ENTRY_ERROR ENOENT: no such file or directory, lstat '/root/HH1/artifacts/website/node_modules/@hookform/resolvers/typeschema'
npm warn tar TAR_ENTRY_ERROR ENOENT: no such file or directory, lstat '/root/HH1/artifacts/website/node_modules/@simplewebauthn/browser/script'
npm warn tar TAR_ENTRY_ERROR ENOENT: no such file or directory, lstat '/root/HH1/artifacts/website/node_modules/recharts/lib'
npm warn tar TAR_ENTRY_ERROR ENOENT: no such file or directory, lstat '/root/HH1/artifacts/website/node_modules/react-resizable-panels/dist'
npm warn tar TAR_ENTRY_ERROR ENOENT: no such file or directory, open '/root/HH1/artifacts/website/node_modules/@types/node/process.d.ts'
npm warn tar TAR_ENTRY_ERROR ENOENT: no such file or directory, lstat '/root/HH1/artifacts/website/node_modules/react-day-picker/node_modules/date-fns/locale'
npm warn tar TAR_ENTRY_ERROR ENOENT: no such file or directory, lstat '/root/HH1/artifacts/website/node_modules/react-hook-form/dist'
npm warn tar TAR_ENTRY_ERROR ENOENT: no such file or directory, lstat '/root/HH1/artifacts/website/node_modules/zod/v4'
npm warn tar TAR_ENTRY_ERROR ENOENT: no such file or directory, open '/root/HH1/artifacts/website/node_modules/@fontsource/inter/vietnamese-100-italic.css'
npm warn tar TAR_ENTRY_ERROR ENOENT: no such file or directory, lstat '/root/HH1/artifacts/website/node_modules/tailwind-merge/src'
npm warn tar TAR_ENTRY_ERROR ENOENT: no such file or directory, lstat '/root/HH1/artifacts/website/node_modules/@tanstack/react-query/build'
npm warn tar TAR_ENTRY_ERROR ENOENT: no such file or directory, lstat '/root/HH1/artifacts/website/node_modules/date-fns/locale'
npm warn tar TAR_ENTRY_ERROR ENOENT: no such file or directory, lstat '/root/HH1/artifacts/website/node_modules/framer-motion/dist'
npm warn tar TAR_ENTRY_ERROR ENOENT: no such file or directory, lstat '/root/HH1/artifacts/website/node_modules/@hookform/resolvers/valibot'
npm warn tar TAR_ENTRY_ERROR ENOENT: no such file or directory, lstat '/root/HH1/artifacts/website/node_modules/lucide-react/dist'
npm warn tar TAR_ENTRY_ERROR ENOENT: no such file or directory, lstat '/root/HH1/artifacts/website/node_modules/react-day-picker/dist'
npm warn tar TAR_ENTRY_ERROR ENOENT: no such file or directory, lstat '/root/HH1/artifacts/website/node_modules/recharts/es6'
npm warn tar TAR_ENTRY_ERROR ENOENT: no such file or directory, lstat '/root/HH1/artifacts/website/node_modules/vite/bin'
npm warn tar TAR_ENTRY_ERROR ENOENT: no such file or directory, lstat '/root/HH1/artifacts/website/node_modules/@simplewebauthn/browser/esm'
npm warn tar TAR_ENTRY_ERROR ENOENT: no such file or directory, open '/root/HH1/artifacts/website/node_modules/@types/node/punycode.d.ts'
npm warn tar TAR_ENTRY_ERROR ENOENT: no such file or directory, lstat '/root/HH1/artifacts/website/node_modules/react-day-picker/node_modules/date-fns/locale'
npm warn tar TAR_ENTRY_ERROR ENOENT: no such file or directory, lstat '/root/HH1/artifacts/website/node_modules/react-resizable-panels/dist'
npm warn tar TAR_ENTRY_ERROR ENOENT: no such file or directory, open '/root/HH1/artifacts/website/node_modules/@fontsource/inter/vietnamese-100.css'
npm warn tar TAR_ENTRY_ERROR ENOENT: no such file or directory, lstat '/root/HH1/artifacts/website/node_modules/react-hook-form/dist'
npm warn tar TAR_ENTRY_ERROR ENOENT: no such file or directory, lstat '/root/HH1/artifacts/website/node_modules/zod/v4'
npm warn tar TAR_ENTRY_ERROR ENOENT: no such file or directory, lstat '/root/HH1/artifacts/website/node_modules/tailwind-merge/src'
npm warn tar TAR_ENTRY_ERROR ENOENT: no such file or directory, lstat '/root/HH1/artifacts/website/node_modules/date-fns/locale'
npm warn tar TAR_ENTRY_ERROR ENOENT: no such file or directory, lstat '/root/HH1/artifacts/website/node_modules/@tanstack/react-query/build'
npm warn tar TAR_ENTRY_ERROR ENOENT: no such file or directory, open '/root/HH1/artifacts/website/node_modules/@fontsource/inter/vietnamese-200-italic.css'
npm warn tar TAR_ENTRY_ERROR ENOENT: no such file or directory, lstat '/root/HH1/artifacts/website/node_modules/@hookform/resolvers/valibot'
npm warn tar TAR_ENTRY_ERROR ENOENT: no such file or directory, lstat '/root/HH1/artifacts/website/node_modules/lucide-react/dist'
npm warn tar TAR_ENTRY_ERROR ENOENT: no such file or directory, lstat '/root/HH1/artifacts/website/node_modules/framer-motion/dist'
npm warn tar TAR_ENTRY_ERROR ENOENT: no such file or directory, lstat '/root/HH1/artifacts/website/node_modules/react-day-picker/dist'
npm warn tar TAR_ENTRY_ERROR ENOENT: no such file or directory, lstat '/root/HH1/artifacts/website/node_modules/vite/dist'
npm warn tar TAR_ENTRY_ERROR ENOENT: no such file or directory, lstat '/root/HH1/artifacts/website/node_modules/@simplewebauthn/browser/script'
npm warn tar TAR_ENTRY_ERROR ENOENT: no such file or directory, open '/root/HH1/artifacts/website/node_modules/@types/node/querystring.d.ts'
npm warn tar TAR_ENTRY_ERROR ENOENT: no such file or directory, lstat '/root/HH1/artifacts/website/node_modules/react-day-picker/node_modules/date-fns/locale'
npm warn tar TAR_ENTRY_ERROR ENOENT: no such file or directory, lstat '/root/HH1/artifacts/website/node_modules/recharts/lib'
npm warn tar TAR_ENTRY_ERROR ENOENT: no such file or directory, lstat '/root/HH1/artifacts/website/node_modules/react-resizable-panels/dist'
npm warn tar TAR_ENTRY_ERROR ENOENT: no such file or directory, open '/root/HH1/artifacts/website/node_modules/@fontsource/inter/vietnamese-200.css'
npm warn tar TAR_ENTRY_ERROR ENOENT: no such file or directory, lstat '/root/HH1/artifacts/website/node_modules/react-hook-form/dist'
npm warn tar TAR_ENTRY_ERROR ENOENT: no such file or directory, lstat '/root/HH1/artifacts/website/node_modules/zod/v4'
npm warn tar TAR_ENTRY_ERROR ENOENT: no such file or directory, lstat '/root/HH1/artifacts/website/node_modules/tailwind-merge/src'
npm warn tar TAR_ENTRY_ERROR ENOENT: no such file or directory, open '/root/HH1/artifacts/website/node_modules/@types/node/quic.d.ts'
npm warn tar TAR_ENTRY_ERROR ENOENT: no such file or directory, lstat '/root/HH1/artifacts/website/node_modules/@tanstack/react-query/build'
npm warn tar TAR_ENTRY_ERROR ENOENT: no such file or directory, open '/root/HH1/artifacts/website/node_modules/@fontsource/inter/vietnamese-300-italic.css'
npm warn tar TAR_ENTRY_ERROR ENOENT: no such file or directory, lstat '/root/HH1/artifacts/website/node_modules/date-fns/locale'
npm warn tar TAR_ENTRY_ERROR ENOENT: no such file or directory, lstat '/root/HH1/artifacts/website/node_modules/lucide-react/dist'
npm warn tar TAR_ENTRY_ERROR ENOENT: no such file or directory, lstat '/root/HH1/artifacts/website/node_modules/@hookform/resolvers/valibot'
npm warn tar TAR_ENTRY_ERROR ENOENT: no such file or directory, lstat '/root/HH1/artifacts/website/node_modules/react-day-picker/dist'
npm warn tar TAR_ENTRY_ERROR ENOENT: no such file or directory, lstat '/root/HH1/artifacts/website/node_modules/vite/dist'
npm warn tar TAR_ENTRY_ERROR ENOENT: no such file or directory, lstat '/root/HH1/artifacts/website/node_modules/framer-motion/dist'
npm warn tar TAR_ENTRY_ERROR ENOENT: no such file or directory, lstat '/root/HH1/artifacts/website/node_modules/@simplewebauthn/browser/esm'
npm warn tar TAR_ENTRY_ERROR ENOENT: no such file or directory, lstat '/root/HH1/artifacts/website/node_modules/react-day-picker/node_modules/date-fns/locale'
npm warn tar TAR_ENTRY_ERROR ENOENT: no such file or directory, lstat '/root/HH1/artifacts/website/node_modules/react-resizable-panels/dist'
npm warn tar TAR_ENTRY_ERROR ENOENT: no such file or directory, lstat '/root/HH1/artifacts/website/node_modules/recharts/es6'
npm warn tar TAR_ENTRY_ERROR ENOENT: no such file or directory, open '/root/HH1/artifacts/website/node_modules/@fontsource/inter/vietnamese-300.css'
npm warn tar TAR_ENTRY_ERROR ENOENT: no such file or directory, lstat '/root/HH1/artifacts/website/node_modules/react-hook-form/dist'
npm warn tar TAR_ENTRY_ERROR ENOENT: no such file or directory, lstat '/root/HH1/artifacts/website/node_modules/zod/v4'
npm warn tar TAR_ENTRY_ERROR ENOENT: no such file or directory, open '/root/HH1/artifacts/website/node_modules/@types/node/readline.d.ts'
npm warn tar TAR_ENTRY_ERROR ENOENT: no such file or directory, open '/root/HH1/artifacts/website/node_modules/@fontsource/inter/vietnamese-400-italic.css'
npm warn tar TAR_ENTRY_ERROR ENOENT: no such file or directory, lstat '/root/HH1/artifacts/website/node_modules/date-fns/locale'
npm warn tar TAR_ENTRY_ERROR ENOENT: no such file or directory, lstat '/root/HH1/artifacts/website/node_modules/@hookform/resolvers/vest'
npm warn tar TAR_ENTRY_ERROR ENOENT: no such file or directory, lstat '/root/HH1/artifacts/website/node_modules/lucide-react/dist'
npm warn tar TAR_ENTRY_ERROR ENOENT: no such file or directory, lstat '/root/HH1/artifacts/website/node_modules/@tanstack/react-query/build'
npm warn tar TAR_ENTRY_ERROR ENOENT: no such file or directory, lstat '/root/HH1/artifacts/website/node_modules/vite/dist'
npm warn tar TAR_ENTRY_ERROR ENOENT: no such file or directory, lstat '/root/HH1/artifacts/website/node_modules/react-day-picker/dist'
npm warn tar TAR_ENTRY_ERROR ENOENT: no such file or directory, lstat '/root/HH1/artifacts/website/node_modules/framer-motion/dist'
npm warn tar TAR_ENTRY_ERROR ENOENT: no such file or directory, lstat '/root/HH1/artifacts/website/node_modules/@simplewebauthn/browser/script'
npm warn tar TAR_ENTRY_ERROR ENOENT: no such file or directory, lstat '/root/HH1/artifacts/website/node_modules/react-resizable-panels/dist'
npm warn tar TAR_ENTRY_ERROR ENOENT: no such file or directory, lstat '/root/HH1/artifacts/website/node_modules/recharts/lib'
npm warn tar TAR_ENTRY_ERROR ENOENT: no such file or directory, lstat '/root/HH1/artifacts/website/node_modules/react-day-picker/node_modules/date-fns/locale'
npm warn tar TAR_ENTRY_ERROR ENOENT: no such file or directory, open '/root/HH1/artifacts/website/node_modules/@fontsource/inter/vietnamese-400.css'
npm warn tar TAR_ENTRY_ERROR ENOENT: no such file or directory, lstat '/root/HH1/artifacts/website/node_modules/zod/v4'
npm warn tar TAR_ENTRY_ERROR ENOENT: no such file or directory, lstat '/root/HH1/artifacts/website/node_modules/react-hook-form/dist'
npm warn tar TAR_ENTRY_ERROR ENOENT: no such file or directory, open '/root/HH1/artifacts/website/node_modules/@fontsource/inter/vietnamese-500-italic.css'
npm warn tar TAR_ENTRY_ERROR ENOENT: no such file or directory, lstat '/root/HH1/artifacts/website/node_modules/date-fns/locale'
npm warn tar TAR_ENTRY_ERROR ENOENT: no such file or directory, lstat '/root/HH1/artifacts/website/node_modules/lucide-react/dist'
npm warn tar TAR_ENTRY_ERROR ENOENT: no such file or directory, lstat '/root/HH1/artifacts/website/node_modules/@tanstack/react-query/build'
npm warn tar TAR_ENTRY_ERROR ENOENT: no such file or directory, lstat '/root/HH1/artifacts/website/node_modules/react-day-picker/dist'
npm warn tar TAR_ENTRY_ERROR ENOENT: no such file or directory, lstat '/root/HH1/artifacts/website/node_modules/vite/dist'
npm warn tar TAR_ENTRY_ERROR ENOENT: no such file or directory, open '/root/HH1/artifacts/website/node_modules/@types/node/repl.d.ts'
npm warn tar TAR_ENTRY_ERROR ENOENT: no such file or directory, lstat '/root/HH1/artifacts/website/node_modules/@hookform/resolvers/vest'
npm warn tar TAR_ENTRY_ERROR ENOENT: no such file or directory, lstat '/root/HH1/artifacts/website/node_modules/@simplewebauthn/browser/esm'
npm warn tar TAR_ENTRY_ERROR ENOENT: no such file or directory, lstat '/root/HH1/artifacts/website/node_modules/framer-motion/dist'
npm warn tar TAR_ENTRY_ERROR ENOENT: no such file or directory, lstat '/root/HH1/artifacts/website/node_modules/recharts/es6'
npm warn tar TAR_ENTRY_ERROR ENOENT: no such file or directory, lstat '/root/HH1/artifacts/website/node_modules/react-day-picker/node_modules/date-fns/locale'
npm warn tar TAR_ENTRY_ERROR ENOENT: no such file or directory, open '/root/HH1/artifacts/website/node_modules/@fontsource/inter/vietnamese-500.css'
npm warn tar TAR_ENTRY_ERROR ENOENT: no such file or directory, lstat '/root/HH1/artifacts/website/node_modules/react-resizable-panels/dist'
npm warn tar TAR_ENTRY_ERROR ENOENT: no such file or directory, lstat '/root/HH1/artifacts/website/node_modules/zod/v4'
npm warn tar TAR_ENTRY_ERROR ENOENT: no such file or directory, lstat '/root/HH1/artifacts/website/node_modules/react-hook-form/dist'
npm warn tar TAR_ENTRY_ERROR ENOENT: no such file or directory, open '/root/HH1/artifacts/website/node_modules/@fontsource/inter/vietnamese-600-italic.css'
npm warn tar TAR_ENTRY_ERROR ENOENT: no such file or directory, lstat '/root/HH1/artifacts/website/node_modules/date-fns/locale'
npm warn tar TAR_ENTRY_ERROR ENOENT: no such file or directory, lstat '/root/HH1/artifacts/website/node_modules/lucide-react/dist'
npm warn tar TAR_ENTRY_ERROR ENOENT: no such file or directory, lstat '/root/HH1/artifacts/website/node_modules/@tanstack/react-query/build'
npm warn tar TAR_ENTRY_ERROR ENOENT: no such file or directory, lstat '/root/HH1/artifacts/website/node_modules/@hookform/resolvers/vest'
npm warn tar TAR_ENTRY_ERROR ENOENT: no such file or directory, open '/root/HH1/artifacts/website/node_modules/@types/node/sea.d.ts'
npm warn tar TAR_ENTRY_ERROR ENOENT: no such file or directory, lstat '/root/HH1/artifacts/website/node_modules/react-day-picker/dist'
npm warn tar TAR_ENTRY_ERROR ENOENT: no such file or directory, lstat '/root/HH1/artifacts/website/node_modules/vite/misc'
npm warn tar TAR_ENTRY_ERROR ENOENT: no such file or directory, lstat '/root/HH1/artifacts/website/node_modules/@simplewebauthn/browser/script'
npm warn tar TAR_ENTRY_ERROR ENOENT: no such file or directory, lstat '/root/HH1/artifacts/website/node_modules/framer-motion/client'
npm warn tar TAR_ENTRY_ERROR ENOENT: no such file or directory, lstat '/root/HH1/artifacts/website/node_modules/recharts/lib'
npm warn tar TAR_ENTRY_ERROR ENOENT: no such file or directory, open '/root/HH1/artifacts/website/node_modules/@fontsource/inter/vietnamese-600.css'
npm warn tar TAR_ENTRY_ERROR ENOENT: no such file or directory, open '/root/HH1/artifacts/website/node_modules/@types/node/sqlite.d.ts'
npm warn tar TAR_ENTRY_ERROR ENOENT: no such file or directory, lstat '/root/HH1/artifacts/website/node_modules/react-resizable-panels/dist'
npm warn tar TAR_ENTRY_ERROR ENOENT: no such file or directory, lstat '/root/HH1/artifacts/website/node_modules/zod/v4'
npm warn tar TAR_ENTRY_ERROR ENOENT: no such file or directory, lstat '/root/HH1/artifacts/website/node_modules/react-hook-form/dist'
npm warn tar TAR_ENTRY_ERROR ENOENT: no such file or directory, lstat '/root/HH1/artifacts/website/node_modules/date-fns/locale'
npm warn tar TAR_ENTRY_ERROR ENOENT: no such file or directory, open '/root/HH1/artifacts/website/node_modules/@fontsource/inter/vietnamese-700-italic.css'
npm warn tar TAR_ENTRY_ERROR ENOENT: no such file or directory, lstat '/root/HH1/artifacts/website/node_modules/@tanstack/react-query/build'
npm warn tar TAR_ENTRY_ERROR ENOENT: no such file or directory, lstat '/root/HH1/artifacts/website/node_modules/lucide-react/dist'
npm warn tar TAR_ENTRY_ERROR ENOENT: no such file or directory, lstat '/root/HH1/artifacts/website/node_modules/react-day-picker/node_modules/date-fns/locale'
npm warn tar TAR_ENTRY_ERROR ENOENT: no such file or directory, lstat '/root/HH1/artifacts/website/node_modules/react-day-picker/dist'
npm warn tar TAR_ENTRY_ERROR ENOENT: no such file or directory, lstat '/root/HH1/artifacts/website/node_modules/@hookform/resolvers/vine'
npm warn tar TAR_ENTRY_ERROR ENOENT: no such file or directory, lstat '/root/HH1/artifacts/website/node_modules/vite/bin'
npm warn tar TAR_ENTRY_ERROR ENOENT: no such file or directory, lstat '/root/HH1/artifacts/website/node_modules/@simplewebauthn/browser/esm'
npm warn tar TAR_ENTRY_ERROR ENOENT: no such file or directory, lstat '/root/HH1/artifacts/website/node_modules/framer-motion/dom'
npm warn tar TAR_ENTRY_ERROR ENOENT: no such file or directory, lstat '/root/HH1/artifacts/website/node_modules/recharts/es6'
npm warn tar TAR_ENTRY_ERROR ENOENT: no such file or directory, open '/root/HH1/artifacts/website/node_modules/@fontsource/inter/vietnamese-700.css'
npm warn tar TAR_ENTRY_ERROR ENOENT: no such file or directory, lstat '/root/HH1/artifacts/website/node_modules/react-resizable-panels/dist'
npm warn tar TAR_ENTRY_ERROR ENOENT: no such file or directory, open '/root/HH1/artifacts/website/node_modules/@types/node/stream.d.ts'
npm warn tar TAR_ENTRY_ERROR ENOENT: no such file or directory, lstat '/root/HH1/artifacts/website/node_modules/zod/v4'
npm warn tar TAR_ENTRY_ERROR ENOENT: no such file or directory, lstat '/root/HH1/artifacts/website/node_modules/react-hook-form/dist'
npm warn tar TAR_ENTRY_ERROR ENOENT: no such file or directory, lstat '/root/HH1/artifacts/website/node_modules/date-fns/locale'
npm warn tar TAR_ENTRY_ERROR ENOENT: no such file or directory, open '/root/HH1/artifacts/website/node_modules/@fontsource/inter/vietnamese-800-italic.css'
npm warn tar TAR_ENTRY_ERROR ENOENT: no such file or directory, lstat '/root/HH1/artifacts/website/node_modules/@tanstack/react-query/build'
npm warn tar TAR_ENTRY_ERROR ENOENT: no such file or directory, lstat '/root/HH1/artifacts/website/node_modules/react-day-picker/node_modules/date-fns/_lib'
npm warn tar TAR_ENTRY_ERROR ENOENT: no such file or directory, lstat '/root/HH1/artifacts/website/node_modules/react-day-picker/dist'
npm warn tar TAR_ENTRY_ERROR ENOENT: no such file or directory, lstat '/root/HH1/artifacts/website/node_modules/@hookform/resolvers/vine'
npm warn tar TAR_ENTRY_ERROR ENOENT: no such file or directory, lstat '/root/HH1/artifacts/website/node_modules/@simplewebauthn/browser/script'
npm warn tar TAR_ENTRY_ERROR ENOENT: no such file or directory, open '/root/HH1/artifacts/website/node_modules/vite/package.json'
npm warn tar TAR_ENTRY_ERROR ENOENT: no such file or directory, lstat '/root/HH1/artifacts/website/node_modules/framer-motion/dom'
npm warn tar TAR_ENTRY_ERROR ENOENT: no such file or directory, lstat '/root/HH1/artifacts/website/node_modules/lucide-react/dist'
npm warn tar TAR_ENTRY_ERROR ENOENT: no such file or directory, lstat '/root/HH1/artifacts/website/node_modules/recharts/lib'
npm warn tar TAR_ENTRY_ERROR ENOENT: no such file or directory, open '/root/HH1/artifacts/website/node_modules/@fontsource/inter/vietnamese-800.css'
npm warn tar TAR_ENTRY_ERROR ENOENT: no such file or directory, lstat '/root/HH1/artifacts/website/node_modules/react-resizable-panels/dist'
npm warn tar TAR_ENTRY_ERROR ENOENT: no such file or directory, open '/root/HH1/artifacts/website/node_modules/@types/node/string_decoder.d.ts'
npm warn tar TAR_ENTRY_ERROR ENOENT: no such file or directory, lstat '/root/HH1/artifacts/website/node_modules/zod/v4'
npm warn tar TAR_ENTRY_ERROR ENOENT: no such file or directory, lstat '/root/HH1/artifacts/website/node_modules/react-hook-form/dist'
npm warn tar TAR_ENTRY_ERROR ENOENT: no such file or directory, open '/root/HH1/artifacts/website/node_modules/@fontsource/inter/vietnamese-900-italic.css'
npm warn tar TAR_ENTRY_ERROR ENOENT: no such file or directory, lstat '/root/HH1/artifacts/website/node_modules/@tanstack/react-query/build'
npm warn tar TAR_ENTRY_ERROR ENOENT: no such file or directory, lstat '/root/HH1/artifacts/website/node_modules/date-fns/locale'
npm warn tar TAR_ENTRY_ERROR ENOENT: no such file or directory, lstat '/root/HH1/artifacts/website/node_modules/react-day-picker/dist'
npm warn tar TAR_ENTRY_ERROR ENOENT: no such file or directory, lstat '/root/HH1/artifacts/website/node_modules/react-day-picker/node_modules/date-fns/locale'
npm warn tar TAR_ENTRY_ERROR ENOENT: no such file or directory, open '/root/HH1/artifacts/website/node_modules/@types/node/test.d.ts'
npm warn tar TAR_ENTRY_ERROR ENOENT: no such file or directory, lstat '/root/HH1/artifacts/website/node_modules/@simplewebauthn/browser/esm'
npm warn tar TAR_ENTRY_ERROR ENOENT: no such file or directory, lstat '/root/HH1/artifacts/website/node_modules/@hookform/resolvers/vine'
npm warn tar TAR_ENTRY_ERROR ENOENT: no such file or directory, lstat '/root/HH1/artifacts/website/node_modules/lucide-react/dist'
npm warn tar TAR_ENTRY_ERROR ENOENT: no such file or directory, lstat '/root/HH1/artifacts/website/node_modules/vite/types'
npm warn tar TAR_ENTRY_ERROR ENOENT: no such file or directory, lstat '/root/HH1/artifacts/website/node_modules/framer-motion/m'
npm warn tar TAR_ENTRY_ERROR ENOENT: no such file or directory, lstat '/root/HH1/artifacts/website/node_modules/recharts/es6'
npm warn tar TAR_ENTRY_ERROR ENOENT: no such file or directory, open '/root/HH1/artifacts/website/node_modules/@fontsource/inter/vietnamese-900.css'
npm warn tar TAR_ENTRY_ERROR ENOENT: no such file or directory, lstat '/root/HH1/artifacts/website/node_modules/react-resizable-panels/dist'
npm warn tar TAR_ENTRY_ERROR ENOENT: no such file or directory, lstat '/root/HH1/artifacts/website/node_modules/zod/v4'
npm warn tar TAR_ENTRY_ERROR ENOENT: no such file or directory, lstat '/root/HH1/artifacts/website/node_modules/react-hook-form/dist'
npm warn tar TAR_ENTRY_ERROR ENOENT: no such file or directory, lstat '/root/HH1/artifacts/website/node_modules/date-fns/locale'
npm warn tar TAR_ENTRY_ERROR ENOENT: no such file or directory, open '/root/HH1/artifacts/website/node_modules/react-day-picker/node_modules/date-fns/clamp.cjs'
npm warn tar TAR_ENTRY_ERROR ENOENT: no such file or directory, lstat '/root/HH1/artifacts/website/node_modules/react-day-picker/dist'
npm warn tar TAR_ENTRY_ERROR ENOENT: no such file or directory, open '/root/HH1/artifacts/website/node_modules/@fontsource/inter/vietnamese-italic.css'
npm warn tar TAR_ENTRY_ERROR ENOENT: no such file or directory, open '/root/HH1/artifacts/website/node_modules/@types/node/timers.d.ts'
npm warn tar TAR_ENTRY_ERROR ENOENT: no such file or directory, lstat '/root/HH1/artifacts/website/node_modules/@tanstack/react-query/build'
npm warn tar TAR_ENTRY_ERROR ENOENT: no such file or directory, lstat '/root/HH1/artifacts/website/node_modules/@simplewebauthn/browser/script'
npm warn tar TAR_ENTRY_ERROR ENOENT: no such file or directory, lstat '/root/HH1/artifacts/website/node_modules/@hookform/resolvers/yup'
npm warn tar TAR_ENTRY_ERROR ENOENT: no such file or directory, lstat '/root/HH1/artifacts/website/node_modules/lucide-react/dist'
npm warn tar TAR_ENTRY_ERROR ENOENT: no such file or directory, open '/root/HH1/artifacts/website/node_modules/vite/LICENSE.md'
npm warn tar TAR_ENTRY_ERROR ENOENT: no such file or directory, lstat '/root/HH1/artifacts/website/node_modules/framer-motion/mini'
npm warn tar TAR_ENTRY_ERROR ENOENT: no such file or directory, lstat '/root/HH1/artifacts/website/node_modules/recharts/lib'
npm warn tar TAR_ENTRY_ERROR ENOENT: no such file or directory, open '/root/HH1/artifacts/website/node_modules/@fontsource/inter/vietnamese.css'
npm warn tar TAR_ENTRY_ERROR ENOENT: no such file or directory, lstat '/root/HH1/artifacts/website/node_modules/react-resizable-panels/dist'
npm warn tar TAR_ENTRY_ERROR ENOENT: no such file or directory, open '/root/HH1/artifacts/website/node_modules/@types/node/tls.d.ts'
npm warn tar TAR_ENTRY_ERROR ENOENT: no such file or directory, lstat '/root/HH1/artifacts/website/node_modules/react-day-picker/node_modules/date-fns/fp'
npm warn tar TAR_ENTRY_ERROR ENOENT: no such file or directory, lstat '/root/HH1/artifacts/website/node_modules/react-hook-form/dist'
npm warn tar TAR_ENTRY_ERROR ENOENT: no such file or directory, lstat '/root/HH1/artifacts/website/node_modules/zod/v4'
npm warn tar TAR_ENTRY_ERROR ENOENT: no such file or directory, open '/root/HH1/artifacts/website/node_modules/@fontsource/inter/metadata.json'
npm warn tar TAR_ENTRY_ERROR ENOENT: no such file or directory, lstat '/root/HH1/artifacts/website/node_modules/react-day-picker/dist'
npm warn tar TAR_ENTRY_ERROR ENOENT: no such file or directory, lstat '/root/HH1/artifacts/website/node_modules/@simplewebauthn/browser/esm'
npm warn tar TAR_ENTRY_ERROR ENOENT: no such file or directory, lstat '/root/HH1/artifacts/website/node_modules/@tanstack/react-query/build'
npm warn tar TAR_ENTRY_ERROR ENOENT: no such file or directory, lstat '/root/HH1/artifacts/website/node_modules/@hookform/resolvers/yup'
npm warn tar TAR_ENTRY_ERROR ENOENT: no such file or directory, lstat '/root/HH1/artifacts/website/node_modules/lucide-react/dist'
npm warn tar TAR_ENTRY_ERROR ENOENT: no such file or directory, open '/root/HH1/artifacts/website/node_modules/vite/README.md'
npm warn tar TAR_ENTRY_ERROR ENOENT: no such file or directory, open '/root/HH1/artifacts/website/node_modules/framer-motion/package.json'
npm warn tar TAR_ENTRY_ERROR ENOENT: no such file or directory, lstat '/root/HH1/artifacts/website/node_modules/recharts/es6'
npm warn tar TAR_ENTRY_ERROR ENOENT: no such file or directory, open '/root/HH1/artifacts/website/node_modules/@fontsource/inter/package.json'
npm warn tar TAR_ENTRY_ERROR ENOENT: no such file or directory, lstat '/root/HH1/artifacts/website/node_modules/react-resizable-panels/dist'
npm warn tar TAR_ENTRY_ERROR ENOENT: no such file or directory, open '/root/HH1/artifacts/website/node_modules/@types/node/trace_events.d.ts'
npm warn tar TAR_ENTRY_ERROR ENOENT: no such file or directory, lstat '/root/HH1/artifacts/website/node_modules/react-day-picker/node_modules/date-fns/fp'
npm warn tar TAR_ENTRY_ERROR ENOENT: no such file or directory, lstat '/root/HH1/artifacts/website/node_modules/vite/dist'
npm warn tar TAR_ENTRY_ERROR ENOENT: no such file or directory, lstat '/root/HH1/artifacts/website/node_modules/react-hook-form/dist'
npm warn tar TAR_ENTRY_ERROR ENOENT: no such file or directory, lstat '/root/HH1/artifacts/website/node_modules/zod/v4'
npm warn tar TAR_ENTRY_ERROR ENOENT: no such file or directory, open '/root/HH1/artifacts/website/node_modules/@fontsource/inter/unicode.json'
npm warn tar TAR_ENTRY_ERROR ENOENT: no such file or directory, lstat '/root/HH1/artifacts/website/node_modules/react-day-picker/dist'
npm warn tar TAR_ENTRY_ERROR ENOENT: no such file or directory, open '/root/HH1/artifacts/website/node_modules/@types/node/tty.d.ts'
npm warn tar TAR_ENTRY_ERROR ENOENT: no such file or directory, lstat '/root/HH1/artifacts/website/node_modules/@tanstack/react-query/build'
npm warn tar TAR_ENTRY_ERROR ENOENT: no such file or directory, lstat '/root/HH1/artifacts/website/node_modules/@hookform/resolvers/yup'
npm warn tar TAR_ENTRY_ERROR ENOENT: no such file or directory, lstat '/root/HH1/artifacts/website/node_modules/@simplewebauthn/browser/script'
npm warn tar TAR_ENTRY_ERROR ENOENT: no such file or directory, lstat '/root/HH1/artifacts/website/node_modules/lucide-react/dist'
npm warn tar TAR_ENTRY_ERROR ENOENT: no such file or directory, lstat '/root/HH1/artifacts/website/node_modules/react-dom/cjs'
npm warn tar TAR_ENTRY_ERROR ENOENT: no such file or directory, lstat '/root/HH1/artifacts/website/node_modules/recharts/lib'
npm warn tar TAR_ENTRY_ERROR ENOENT: no such file or directory, lstat '/root/HH1/artifacts/website/node_modules/framer-motion/dist'
npm warn tar TAR_ENTRY_ERROR ENOENT: no such file or directory, open '/root/HH1/artifacts/website/node_modules/@fontsource/inter/CHANGELOG.md'
npm warn tar TAR_ENTRY_ERROR ENOENT: no such file or directory, lstat '/root/HH1/artifacts/website/node_modules/react-resizable-panels/dist'
npm warn tar TAR_ENTRY_ERROR ENOENT: no such file or directory, open '/root/HH1/artifacts/website/node_modules/react-day-picker/node_modules/date-fns/closestIndexTo.cjs'
npm warn tar TAR_ENTRY_ERROR ENOENT: no such file or directory, lstat '/root/HH1/artifacts/website/node_modules/vite/dist'
npm warn tar TAR_ENTRY_ERROR ENOENT: no such file or directory, lstat '/root/HH1/artifacts/website/node_modules/react-hook-form/dist'
npm warn tar TAR_ENTRY_ERROR ENOENT: no such file or directory, lstat '/root/HH1/artifacts/website/node_modules/zod/v4'
npm warn tar TAR_ENTRY_ERROR ENOENT: no such file or directory, lstat '/root/HH1/artifacts/website/node_modules/react-day-picker/dist'
npm warn tar TAR_ENTRY_ERROR ENOENT: no such file or directory, open '/root/HH1/artifacts/website/node_modules/@types/node/url.d.ts'
npm warn tar TAR_ENTRY_ERROR ENOENT: no such file or directory, lstat '/root/HH1/artifacts/website/node_modules/react-day-picker/node_modules/date-fns/fp'
npm warn tar TAR_ENTRY_ERROR ENOENT: no such file or directory, open '/root/HH1/artifacts/website/node_modules/@fontsource/inter/README.md'
npm warn tar TAR_ENTRY_ERROR ENOENT: no such file or directory, lstat '/root/HH1/artifacts/website/node_modules/@tanstack/react-query/build'
npm warn tar TAR_ENTRY_ERROR ENOENT: no such file or directory, lstat '/root/HH1/artifacts/website/node_modules/@hookform/resolvers/zod'
npm warn tar TAR_ENTRY_ERROR ENOENT: no such file or directory, lstat '/root/HH1/artifacts/website/node_modules/lucide-react/dist'
npm warn tar TAR_ENTRY_ERROR ENOENT: no such file or directory, lstat '/root/HH1/artifacts/website/node_modules/@simplewebauthn/browser/esm'
npm warn tar TAR_ENTRY_ERROR ENOENT: no such file or directory, lstat '/root/HH1/artifacts/website/node_modules/recharts/es6'
npm warn tar TAR_ENTRY_ERROR ENOENT: no such file or directory, lstat '/root/HH1/artifacts/website/node_modules/framer-motion/dist'
npm warn tar TAR_ENTRY_ERROR ENOENT: no such file or directory, lstat '/root/HH1/artifacts/website/node_modules/react-resizable-panels/dist'
npm warn tar TAR_ENTRY_ERROR ENOENT: no such file or directory, open '/root/HH1/artifacts/website/node_modules/vite/client.d.ts'
npm warn tar TAR_ENTRY_ERROR ENOENT: no such file or directory, lstat '/root/HH1/artifacts/website/node_modules/react-hook-form/dist'
npm warn tar TAR_ENTRY_ERROR ENOENT: no such file or directory, lstat '/root/HH1/artifacts/website/node_modules/zod/v4'
npm warn tar TAR_ENTRY_ERROR ENOENT: no such file or directory, lstat '/root/HH1/artifacts/website/node_modules/react-day-picker/dist'
npm warn tar TAR_ENTRY_ERROR ENOENT: no such file or directory, open '/root/HH1/artifacts/website/node_modules/@types/node/util.d.ts'
npm warn tar TAR_ENTRY_ERROR ENOENT: no such file or directory, open '/root/HH1/artifacts/website/node_modules/react-day-picker/node_modules/date-fns/closestTo.cjs'
npm warn tar TAR_ENTRY_ERROR ENOENT: no such file or directory, lstat '/root/HH1/artifacts/website/node_modules/@fontsource/inter/scss'
npm warn tar TAR_ENTRY_ERROR ENOENT: no such file or directory, lstat '/root/HH1/artifacts/website/node_modules/@tanstack/react-query/build'
npm warn tar TAR_ENTRY_ERROR ENOENT: no such file or directory, lstat '/root/HH1/artifacts/website/node_modules/@hookform/resolvers/zod'
npm warn tar TAR_ENTRY_ERROR ENOENT: no such file or directory, lstat '/root/HH1/artifacts/website/node_modules/lucide-react/dist'
npm warn tar TAR_ENTRY_ERROR ENOENT: no such file or directory, lstat '/root/HH1/artifacts/website/node_modules/@simplewebauthn/browser/script'
npm warn tar TAR_ENTRY_ERROR ENOENT: no such file or directory, lstat '/root/HH1/artifacts/website/node_modules/framer-motion/dist'
npm warn tar TAR_ENTRY_ERROR ENOENT: no such file or directory, lstat '/root/HH1/artifacts/website/node_modules/recharts/lib'
npm warn tar TAR_ENTRY_ERROR ENOENT: no such file or directory, lstat '/root/HH1/artifacts/website/node_modules/react-resizable-panels/dist'
npm warn tar TAR_ENTRY_ERROR ENOENT: no such file or directory, lstat '/root/HH1/artifacts/website/node_modules/react-day-picker/node_modules/date-fns/fp'
npm warn tar TAR_ENTRY_ERROR ENOENT: no such file or directory, lstat '/root/HH1/artifacts/website/node_modules/vite/types'
npm warn tar TAR_ENTRY_ERROR ENOENT: no such file or directory, lstat '/root/HH1/artifacts/website/node_modules/react-hook-form/dist'
npm warn tar TAR_ENTRY_ERROR ENOENT: no such file or directory, lstat '/root/HH1/artifacts/website/node_modules/zod/v4'
npm warn tar TAR_ENTRY_ERROR ENOENT: no such file or directory, lstat '/root/HH1/artifacts/website/node_modules/date-fns/locale'
npm warn tar TAR_ENTRY_ERROR ENOENT: no such file or directory, lstat '/root/HH1/artifacts/website/node_modules/react-day-picker/dist'
npm warn tar TAR_ENTRY_ERROR ENOENT: no such file or directory, open '/root/HH1/artifacts/website/node_modules/@types/node/v8.d.ts'
npm warn tar TAR_ENTRY_ERROR ENOENT: no such file or directory, lstat '/root/HH1/artifacts/website/node_modules/@fontsource/inter/scss'
npm warn tar TAR_ENTRY_ERROR ENOENT: no such file or directory, lstat '/root/HH1/artifacts/website/node_modules/@tanstack/react-query/build'
npm warn tar TAR_ENTRY_ERROR ENOENT: no such file or directory, lstat '/root/HH1/artifacts/website/node_modules/@hookform/resolvers/zod'
npm warn tar TAR_ENTRY_ERROR ENOENT: no such file or directory, lstat '/root/HH1/artifacts/website/node_modules/lucide-react/dist'
npm warn tar TAR_ENTRY_ERROR ENOENT: no such file or directory, lstat '/root/HH1/artifacts/website/node_modules/react-dom/cjs'
npm warn tar TAR_ENTRY_ERROR ENOENT: no such file or directory, lstat '/root/HH1/artifacts/website/node_modules/@simplewebauthn/browser/esm'
npm warn tar TAR_ENTRY_ERROR ENOENT: no such file or directory, lstat '/root/HH1/artifacts/website/node_modules/framer-motion/dist'
npm warn tar TAR_ENTRY_ERROR ENOENT: no such file or directory, lstat '/root/HH1/artifacts/website/node_modules/recharts/es6'
npm warn tar TAR_ENTRY_ERROR ENOENT: no such file or directory, lstat '/root/HH1/artifacts/website/node_modules/react-resizable-panels/dist'
npm warn tar TAR_ENTRY_ERROR ENOENT: no such file or directory, lstat '/root/HH1/artifacts/website/node_modules/react-day-picker/node_modules/date-fns/fp'
npm warn tar TAR_ENTRY_ERROR ENOENT: no such file or directory, lstat '/root/HH1/artifacts/website/node_modules/vite/types'
npm warn tar TAR_ENTRY_ERROR ENOENT: no such file or directory, lstat '/root/HH1/artifacts/website/node_modules/zod/v4'
npm warn tar TAR_ENTRY_ERROR ENOENT: no such file or directory, lstat '/root/HH1/artifacts/website/node_modules/date-fns/locale'
npm warn tar TAR_ENTRY_ERROR ENOENT: no such file or directory, lstat '/root/HH1/artifacts/website/node_modules/react-day-picker/dist'
npm warn tar TAR_ENTRY_ERROR ENOENT: no such file or directory, open '/root/HH1/artifacts/website/node_modules/@types/node/vm.d.ts'
npm warn tar TAR_ENTRY_ERROR ENOENT: no such file or directory, lstat '/root/HH1/artifacts/website/node_modules/@tanstack/react-query/build'
npm warn tar TAR_ENTRY_ERROR ENOENT: no such file or directory, lstat '/root/HH1/artifacts/website/node_modules/@hookform/resolvers/ajv'
npm warn tar TAR_ENTRY_ERROR ENOENT: no such file or directory, lstat '/root/HH1/artifacts/website/node_modules/lucide-react/dist'
npm warn tar TAR_ENTRY_ERROR ENOENT: no such file or directory, open '/root/HH1/artifacts/website/node_modules/@fontsource/inter/index.d.css.ts'
npm warn tar TAR_ENTRY_ERROR ENOENT: no such file or directory, lstat '/root/HH1/artifacts/website/node_modules/@simplewebauthn/browser/esm'
npm warn tar TAR_ENTRY_ERROR ENOENT: no such file or directory, lstat '/root/HH1/artifacts/website/node_modules/framer-motion/dist'
npm warn tar TAR_ENTRY_ERROR ENOENT: no such file or directory, lstat '/root/HH1/artifacts/website/node_modules/recharts/lib'
npm warn tar TAR_ENTRY_ERROR ENOENT: no such file or directory, lstat '/root/HH1/artifacts/website/node_modules/react-resizable-panels/dist'
npm warn tar TAR_ENTRY_ERROR ENOENT: no such file or directory, open '/root/HH1/artifacts/website/node_modules/react-day-picker/node_modules/date-fns/compareAsc.cjs'
npm warn tar TAR_ENTRY_ERROR ENOENT: no such file or directory, lstat '/root/HH1/artifacts/website/node_modules/@fontsource/inter/files'
npm warn tar TAR_ENTRY_ERROR ENOENT: no such file or directory, lstat '/root/HH1/artifacts/website/node_modules/date-fns/locale'
npm warn tar TAR_ENTRY_ERROR ENOENT: no such file or directory, lstat '/root/HH1/artifacts/website/node_modules/vite/types'
npm warn tar TAR_ENTRY_ERROR ENOENT: no such file or directory, lstat '/root/HH1/artifacts/website/node_modules/react-day-picker/dist'
npm warn tar TAR_ENTRY_ERROR ENOENT: no such file or directory, open '/root/HH1/artifacts/website/node_modules/@types/node/wasi.d.ts'
npm warn tar TAR_ENTRY_ERROR ENOENT: no such file or directory, lstat '/root/HH1/artifacts/website/node_modules/@tanstack/react-query/build'
npm warn tar TAR_ENTRY_ERROR ENOENT: no such file or directory, lstat '/root/HH1/artifacts/website/node_modules/zod/v4'
npm warn tar TAR_ENTRY_ERROR ENOENT: no such file or directory, lstat '/root/HH1/artifacts/website/node_modules/react-dom/cjs'
npm warn tar TAR_ENTRY_ERROR ENOENT: no such file or directory, lstat '/root/HH1/artifacts/website/node_modules/lucide-react/dist'
npm warn tar TAR_ENTRY_ERROR ENOENT: no such file or directory, lstat '/root/HH1/artifacts/website/node_modules/@simplewebauthn/browser/script'
npm warn tar TAR_ENTRY_ERROR ENOENT: no such file or directory, lstat '/root/HH1/artifacts/website/node_modules/@hookform/resolvers/arktype'
npm warn tar TAR_ENTRY_ERROR ENOENT: no such file or directory, lstat '/root/HH1/artifacts/website/node_modules/react-day-picker/node_modules/date-fns/fp'
npm warn tar TAR_ENTRY_ERROR ENOENT: no such file or directory, lstat '/root/HH1/artifacts/website/node_modules/framer-motion/dist'
npm warn tar TAR_ENTRY_ERROR ENOENT: no such file or directory, open '/root/HH1/artifacts/website/node_modules/react-resizable-panels/LICENSE'
npm warn tar TAR_ENTRY_ERROR ENOENT: no such file or directory, lstat '/root/HH1/artifacts/website/node_modules/recharts/es6'
npm warn tar TAR_ENTRY_ERROR ENOENT: no such file or directory, lstat '/root/HH1/artifacts/website/node_modules/@fontsource/inter/files'
npm warn tar TAR_ENTRY_ERROR ENOENT: no such file or directory, lstat '/root/HH1/artifacts/website/node_modules/vite/types'
npm warn tar TAR_ENTRY_ERROR ENOENT: no such file or directory, lstat '/root/HH1/artifacts/website/node_modules/date-fns/locale'
npm warn tar TAR_ENTRY_ERROR ENOENT: no such file or directory, open '/root/HH1/artifacts/website/node_modules/react-day-picker/buddhist.js'
npm warn tar TAR_ENTRY_ERROR ENOENT: no such file or directory, open '/root/HH1/artifacts/website/node_modules/@types/node/worker_threads.d.ts'
npm warn tar TAR_ENTRY_ERROR ENOENT: no such file or directory, lstat '/root/HH1/artifacts/website/node_modules/@tanstack/react-query/build'
npm warn tar TAR_ENTRY_ERROR ENOENT: no such file or directory, lstat '/root/HH1/artifacts/website/node_modules/react-dom/cjs'
npm warn tar TAR_ENTRY_ERROR ENOENT: no such file or directory, lstat '/root/HH1/artifacts/website/node_modules/lucide-react/dist'
npm warn tar TAR_ENTRY_ERROR ENOENT: no such file or directory, lstat '/root/HH1/artifacts/website/node_modules/@simplewebauthn/browser/script'
npm warn tar TAR_ENTRY_ERROR ENOENT: no such file or directory, lstat '/root/HH1/artifacts/website/node_modules/zod/v4'
npm warn tar TAR_ENTRY_ERROR ENOENT: no such file or directory, lstat '/root/HH1/artifacts/website/node_modules/@hookform/resolvers/class-validator'
npm warn tar TAR_ENTRY_ERROR ENOENT: no such file or directory, open '/root/HH1/artifacts/website/node_modules/react-day-picker/node_modules/date-fns/compareDesc.cjs'
npm warn tar TAR_ENTRY_ERROR ENOENT: no such file or directory, lstat '/root/HH1/artifacts/website/node_modules/framer-motion/dist'
npm warn tar TAR_ENTRY_ERROR ENOENT: no such file or directory, lstat '/root/HH1/artifacts/website/node_modules/react-day-picker/dist'
npm warn tar TAR_ENTRY_ERROR ENOENT: no such file or directory, lstat '/root/HH1/artifacts/website/node_modules/recharts/lib'
npm warn tar TAR_ENTRY_ERROR ENOENT: no such file or directory, lstat '/root/HH1/artifacts/website/node_modules/react-hook-form/dist'
npm warn tar TAR_ENTRY_ERROR ENOENT: no such file or directory, lstat '/root/HH1/artifacts/website/node_modules/@fontsource/inter/files'
npm warn tar TAR_ENTRY_ERROR ENOENT: no such file or directory, lstat '/root/HH1/artifacts/website/node_modules/vite/types'
npm warn tar TAR_ENTRY_ERROR ENOENT: no such file or directory, lstat '/root/HH1/artifacts/website/node_modules/date-fns/locale'
npm warn tar TAR_ENTRY_ERROR ENOENT: no such file or directory, open '/root/HH1/artifacts/website/node_modules/@types/node/zlib.d.ts'
npm warn tar TAR_ENTRY_ERROR ENOENT: no such file or directory, lstat '/root/HH1/artifacts/website/node_modules/@tanstack/react-query/build'
npm warn tar TAR_ENTRY_ERROR ENOENT: no such file or directory, lstat '/root/HH1/artifacts/website/node_modules/lucide-react/dist'
npm warn tar TAR_ENTRY_ERROR ENOENT: no such file or directory, lstat '/root/HH1/artifacts/website/node_modules/@simplewebauthn/browser/esm'
npm warn tar TAR_ENTRY_ERROR ENOENT: no such file or directory, lstat '/root/HH1/artifacts/website/node_modules/zod/v3'
npm warn tar TAR_ENTRY_ERROR ENOENT: no such file or directory, lstat '/root/HH1/artifacts/website/node_modules/react-day-picker/node_modules/date-fns/fp'
npm warn tar TAR_ENTRY_ERROR ENOENT: no such file or directory, lstat '/root/HH1/artifacts/website/node_modules/@hookform/resolvers/computed-types'
npm warn tar TAR_ENTRY_ERROR ENOENT: no such file or directory, lstat '/root/HH1/artifacts/website/node_modules/framer-motion/dist'
npm warn tar TAR_ENTRY_ERROR ENOENT: no such file or directory, lstat '/root/HH1/artifacts/website/node_modules/react-day-picker/dist'
npm warn tar TAR_ENTRY_ERROR ENOENT: no such file or directory, lstat '/root/HH1/artifacts/website/node_modules/recharts/es6'
npm warn tar TAR_ENTRY_ERROR ENOENT: no such file or directory, lstat '/root/HH1/artifacts/website/node_modules/react-hook-form/dist'
npm warn tar TAR_ENTRY_ERROR ENOENT: no such file or directory, lstat '/root/HH1/artifacts/website/node_modules/@fontsource/inter/files'
npm warn tar TAR_ENTRY_ERROR ENOENT: no such file or directory, lstat '/root/HH1/artifacts/website/node_modules/vite/types'
npm warn tar TAR_ENTRY_ERROR ENOENT: no such file or directory, lstat '/root/HH1/artifacts/website/node_modules/date-fns/locale'
npm warn tar TAR_ENTRY_ERROR ENOENT: no such file or directory, lstat '/root/HH1/artifacts/website/node_modules/@types/node/assert'
npm warn tar TAR_ENTRY_ERROR ENOENT: no such file or directory, lstat '/root/HH1/artifacts/website/node_modules/@tanstack/react-query/build'
npm warn tar TAR_ENTRY_ERROR ENOENT: no such file or directory, lstat '/root/HH1/artifacts/website/node_modules/react-dom/cjs'
npm warn tar TAR_ENTRY_ERROR ENOENT: no such file or directory, lstat '/root/HH1/artifacts/website/node_modules/zod/v3'
npm warn tar TAR_ENTRY_ERROR ENOENT: no such file or directory, lstat '/root/HH1/artifacts/website/node_modules/lucide-react/dist'
npm warn tar TAR_ENTRY_ERROR ENOENT: no such file or directory, lstat '/root/HH1/artifacts/website/node_modules/@simplewebauthn/browser/script'
npm warn tar TAR_ENTRY_ERROR ENOENT: no such file or directory, open '/root/HH1/artifacts/website/node_modules/react-day-picker/node_modules/date-fns/constants.cjs'
npm warn tar TAR_ENTRY_ERROR ENOENT: no such file or directory, lstat '/root/HH1/artifacts/website/node_modules/@hookform/resolvers/effect-ts'
npm warn tar TAR_ENTRY_ERROR ENOENT: no such file or directory, lstat '/root/HH1/artifacts/website/node_modules/framer-motion/dist'
npm warn tar TAR_ENTRY_ERROR ENOENT: no such file or directory, lstat '/root/HH1/artifacts/website/node_modules/react-day-picker/dist'
npm warn tar TAR_ENTRY_ERROR ENOENT: no such file or directory, lstat '/root/HH1/artifacts/website/node_modules/recharts/lib'
npm warn tar TAR_ENTRY_ERROR ENOENT: no such file or directory, lstat '/root/HH1/artifacts/website/node_modules/react-hook-form/dist'
npm warn tar TAR_ENTRY_ERROR ENOENT: no such file or directory, lstat '/root/HH1/artifacts/website/node_modules/react-day-picker/node_modules/date-fns/parse'
npm warn tar TAR_ENTRY_ERROR ENOENT: no such file or directory, lstat '/root/HH1/artifacts/website/node_modules/@fontsource/inter/files'
npm warn tar TAR_ENTRY_ERROR ENOENT: no such file or directory, lstat '/root/HH1/artifacts/website/node_modules/vite/types'
npm warn tar TAR_ENTRY_ERROR ENOENT: no such file or directory, lstat '/root/HH1/artifacts/website/node_modules/date-fns/locale'
npm warn tar TAR_ENTRY_ERROR ENOENT: no such file or directory, lstat '/root/HH1/artifacts/website/node_modules/@types/node/compatibility'
npm warn tar TAR_ENTRY_ERROR ENOENT: no such file or directory, lstat '/root/HH1/artifacts/website/node_modules/@tanstack/react-query/build'
npm warn tar TAR_ENTRY_ERROR ENOENT: no such file or directory, lstat '/root/HH1/artifacts/website/node_modules/react-dom/cjs'
npm warn tar TAR_ENTRY_ERROR ENOENT: no such file or directory, lstat '/root/HH1/artifacts/website/node_modules/zod/v4'
npm warn tar TAR_ENTRY_ERROR ENOENT: no such file or directory, lstat '/root/HH1/artifacts/website/node_modules/@simplewebauthn/browser/esm'
npm warn tar TAR_ENTRY_ERROR ENOENT: no such file or directory, lstat '/root/HH1/artifacts/website/node_modules/lucide-react/dist'
npm warn tar TAR_ENTRY_ERROR ENOENT: no such file or directory, lstat '/root/HH1/artifacts/website/node_modules/@hookform/resolvers/fluentvalidation-ts'
npm warn tar TAR_ENTRY_ERROR ENOENT: no such file or directory, lstat '/root/HH1/artifacts/website/node_modules/framer-motion/dist'
npm warn tar TAR_ENTRY_ERROR ENOENT: no such file or directory, lstat '/root/HH1/artifacts/website/node_modules/react-day-picker/dist'
npm warn tar TAR_ENTRY_ERROR ENOENT: no such file or directory, lstat '/root/HH1/artifacts/website/node_modules/recharts/es6'
npm warn tar TAR_ENTRY_ERROR ENOENT: no such file or directory, open '/root/HH1/artifacts/website/node_modules/react-day-picker/node_modules/date-fns/constructFrom.cjs'
npm warn tar TAR_ENTRY_ERROR ENOENT: no such file or directory, lstat '/root/HH1/artifacts/website/node_modules/react-hook-form/dist'
npm warn tar TAR_ENTRY_ERROR ENOENT: no such file or directory, lstat '/root/HH1/artifacts/website/node_modules/vite/dist'
npm warn tar TAR_ENTRY_ERROR ENOENT: no such file or directory, lstat '/root/HH1/artifacts/website/node_modules/date-fns/locale'
npm warn tar TAR_ENTRY_ERROR ENOENT: no such file or directory, lstat '/root/HH1/artifacts/website/node_modules/@types/node/dns'
npm warn tar TAR_ENTRY_ERROR ENOENT: no such file or directory, lstat '/root/HH1/artifacts/website/node_modules/@tanstack/react-query/build'
npm warn tar TAR_ENTRY_ERROR ENOENT: no such file or directory, lstat '/root/HH1/artifacts/website/node_modules/zod/v4'
npm warn tar TAR_ENTRY_ERROR ENOENT: no such file or directory, lstat '/root/HH1/artifacts/website/node_modules/@simplewebauthn/browser/script'
npm warn tar TAR_ENTRY_ERROR ENOENT: no such file or directory, lstat '/root/HH1/artifacts/website/node_modules/lucide-react/dist'
npm warn tar TAR_ENTRY_ERROR ENOENT: no such file or directory, lstat '/root/HH1/artifacts/website/node_modules/react-day-picker/node_modules/date-fns/fp'
npm warn tar TAR_ENTRY_ERROR ENOENT: no such file or directory, lstat '/root/HH1/artifacts/website/node_modules/@hookform/resolvers/io-ts'
npm warn tar TAR_ENTRY_ERROR ENOENT: no such file or directory, lstat '/root/HH1/artifacts/website/node_modules/framer-motion/dist'
npm warn tar TAR_ENTRY_ERROR ENOENT: no such file or directory, lstat '/root/HH1/artifacts/website/node_modules/react-day-picker/dist'
npm warn tar TAR_ENTRY_ERROR ENOENT: no such file or directory, lstat '/root/HH1/artifacts/website/node_modules/recharts/lib'
npm warn tar TAR_ENTRY_ERROR ENOENT: no such file or directory, lstat '/root/HH1/artifacts/website/node_modules/@fontsource/inter/files'
npm warn tar TAR_ENTRY_ERROR ENOENT: no such file or directory, lstat '/root/HH1/artifacts/website/node_modules/react-hook-form/dist'
npm warn tar TAR_ENTRY_ERROR ENOENT: no such file or directory, lstat '/root/HH1/artifacts/website/node_modules/vite/types'
npm warn tar TAR_ENTRY_ERROR ENOENT: no such file or directory, lstat '/root/HH1/artifacts/website/node_modules/date-fns/locale'
npm warn tar TAR_ENTRY_ERROR ENOENT: no such file or directory, lstat '/root/HH1/artifacts/website/node_modules/@types/node/fs'
npm warn tar TAR_ENTRY_ERROR ENOENT: no such file or directory, lstat '/root/HH1/artifacts/website/node_modules/@tanstack/react-query/build'
npm warn tar TAR_ENTRY_ERROR ENOENT: no such file or directory, lstat '/root/HH1/artifacts/website/node_modules/zod/v4'
npm warn tar TAR_ENTRY_ERROR ENOENT: no such file or directory, lstat '/root/HH1/artifacts/website/node_modules/@simplewebauthn/browser/esm'
npm warn tar TAR_ENTRY_ERROR ENOENT: no such file or directory, open '/root/HH1/artifacts/website/node_modules/react-day-picker/node_modules/date-fns/constructNow.cjs'
npm warn tar TAR_ENTRY_ERROR ENOENT: no such file or directory, lstat '/root/HH1/artifacts/website/node_modules/@hookform/resolvers/joi'
npm warn tar TAR_ENTRY_ERROR ENOENT: no such file or directory, lstat '/root/HH1/artifacts/website/node_modules/framer-motion/dist'
npm warn tar TAR_ENTRY_ERROR ENOENT: no such file or directory, lstat '/root/HH1/artifacts/website/node_modules/lucide-react/dist'
npm warn tar TAR_ENTRY_ERROR ENOENT: no such file or directory, lstat '/root/HH1/artifacts/website/node_modules/react-day-picker/dist'
npm warn tar TAR_ENTRY_ERROR ENOENT: no such file or directory, lstat '/root/HH1/artifacts/website/node_modules/@fontsource/inter/files'
npm warn tar TAR_ENTRY_ERROR ENOENT: no such file or directory, lstat '/root/HH1/artifacts/website/node_modules/recharts/es6'
npm warn tar TAR_ENTRY_ERROR ENOENT: no such file or directory, lstat '/root/HH1/artifacts/website/node_modules/react-hook-form/dist'
npm warn tar TAR_ENTRY_ERROR ENOENT: no such file or directory, lstat '/root/HH1/artifacts/website/node_modules/react-dom/cjs'
npm warn tar TAR_ENTRY_ERROR ENOENT: no such file or directory, lstat '/root/HH1/artifacts/website/node_modules/vite/types'
npm warn tar TAR_ENTRY_ERROR ENOENT: no such file or directory, lstat '/root/HH1/artifacts/website/node_modules/date-fns/locale'
npm warn tar TAR_ENTRY_ERROR ENOENT: no such file or directory, lstat '/root/HH1/artifacts/website/node_modules/@tanstack/react-query/build'
npm warn tar TAR_ENTRY_ERROR ENOENT: no such file or directory, lstat '/root/HH1/artifacts/website/node_modules/@types/node/inspector'
npm warn tar TAR_ENTRY_ERROR ENOENT: no such file or directory, lstat '/root/HH1/artifacts/website/node_modules/zod/v4'
npm warn tar TAR_ENTRY_ERROR ENOENT: no such file or directory, lstat '/root/HH1/artifacts/website/node_modules/@simplewebauthn/browser/script'
npm warn tar TAR_ENTRY_ERROR ENOENT: no such file or directory, lstat '/root/HH1/artifacts/website/node_modules/react-day-picker/node_modules/date-fns/fp'
npm warn tar TAR_ENTRY_ERROR ENOENT: no such file or directory, lstat '/root/HH1/artifacts/website/node_modules/@hookform/resolvers/nope'
npm warn tar TAR_ENTRY_ERROR ENOENT: no such file or directory, lstat '/root/HH1/artifacts/website/node_modules/framer-motion/dist'
npm warn tar TAR_ENTRY_ERROR ENOENT: no such file or directory, lstat '/root/HH1/artifacts/website/node_modules/lucide-react/dist'
npm warn tar TAR_ENTRY_ERROR ENOENT: no such file or directory, lstat '/root/HH1/artifacts/website/node_modules/react-day-picker/dist'
npm warn tar TAR_ENTRY_ERROR ENOENT: no such file or directory, lstat '/root/HH1/artifacts/website/node_modules/@fontsource/inter/files'
npm warn tar TAR_ENTRY_ERROR ENOENT: no such file or directory, lstat '/root/HH1/artifacts/website/node_modules/recharts/lib'
npm warn tar TAR_ENTRY_ERROR ENOENT: no such file or directory, lstat '/root/HH1/artifacts/website/node_modules/react-dom/cjs'
npm warn tar TAR_ENTRY_ERROR ENOENT: no such file or directory, lstat '/root/HH1/artifacts/website/node_modules/vite/dist'
npm warn tar TAR_ENTRY_ERROR ENOENT: no such file or directory, lstat '/root/HH1/artifacts/website/node_modules/date-fns/locale'
npm warn tar TAR_ENTRY_ERROR ENOENT: no such file or directory, lstat '/root/HH1/artifacts/website/node_modules/@tanstack/react-query/build'
npm warn tar TAR_ENTRY_ERROR ENOENT: no such file or directory, lstat '/root/HH1/artifacts/website/node_modules/@types/node/path'
npm warn tar TAR_ENTRY_ERROR ENOENT: no such file or directory, lstat '/root/HH1/artifacts/website/node_modules/zod/v4'
npm warn tar TAR_ENTRY_ERROR ENOENT: no such file or directory, lstat '/root/HH1/artifacts/website/node_modules/@simplewebauthn/browser/esm'
npm warn tar TAR_ENTRY_ERROR ENOENT: no such file or directory, lstat '/root/HH1/artifacts/website/node_modules/react-day-picker/node_modules/date-fns/locale'
npm warn tar TAR_ENTRY_ERROR ENOENT: no such file or directory, open '/root/HH1/artifacts/website/node_modules/@hookform/resolvers/package.json'
npm warn tar TAR_ENTRY_ERROR ENOENT: no such file or directory, lstat '/root/HH1/artifacts/website/node_modules/framer-motion/dist'
npm warn tar TAR_ENTRY_ERROR ENOENT: no such file or directory, lstat '/root/HH1/artifacts/website/node_modules/lucide-react/dist'
npm warn tar TAR_ENTRY_ERROR ENOENT: no such file or directory, lstat '/root/HH1/artifacts/website/node_modules/react-day-picker/dist'
npm warn tar TAR_ENTRY_ERROR ENOENT: no such file or directory, lstat '/root/HH1/artifacts/website/node_modules/@fontsource/inter/files'
npm warn tar TAR_ENTRY_ERROR ENOENT: no such file or directory, lstat '/root/HH1/artifacts/website/node_modules/recharts/es6'
npm warn tar TAR_ENTRY_ERROR ENOENT: no such file or directory, lstat '/root/HH1/artifacts/website/node_modules/react-hook-form/dist'
npm warn tar TAR_ENTRY_ERROR ENOENT: no such file or directory, lstat '/root/HH1/artifacts/website/node_modules/vite/dist'
npm warn tar TAR_ENTRY_ERROR ENOENT: no such file or directory, lstat '/root/HH1/artifacts/website/node_modules/date-fns/locale'
npm warn tar TAR_ENTRY_ERROR ENOENT: no such file or directory, lstat '/root/HH1/artifacts/website/node_modules/@tanstack/react-query/build'
npm warn tar TAR_ENTRY_ERROR ENOENT: no such file or directory, lstat '/root/HH1/artifacts/website/node_modules/zod/v4'
npm warn tar TAR_ENTRY_ERROR ENOENT: no such file or directory, lstat '/root/HH1/artifacts/website/node_modules/@types/node/path'
npm warn tar TAR_ENTRY_ERROR ENOENT: no such file or directory, lstat '/root/HH1/artifacts/website/node_modules/@simplewebauthn/browser/script'
npm warn tar TAR_ENTRY_ERROR ENOENT: no such file or directory, lstat '/root/HH1/artifacts/website/node_modules/react-day-picker/node_modules/date-fns/locale'
npm warn tar TAR_ENTRY_ERROR ENOENT: no such file or directory, lstat '/root/HH1/artifacts/website/node_modules/@hookform/resolvers/superstruct'
npm warn tar TAR_ENTRY_ERROR ENOENT: no such file or directory, lstat '/root/HH1/artifacts/website/node_modules/framer-motion/dist'
npm warn tar TAR_ENTRY_ERROR ENOENT: no such file or directory, lstat '/root/HH1/artifacts/website/node_modules/lucide-react/dist'
npm warn tar TAR_ENTRY_ERROR ENOENT: no such file or directory, lstat '/root/HH1/artifacts/website/node_modules/react-day-picker/dist'
npm warn tar TAR_ENTRY_ERROR ENOENT: no such file or directory, lstat '/root/HH1/artifacts/website/node_modules/recharts/lib'
npm warn tar TAR_ENTRY_ERROR ENOENT: no such file or directory, lstat '/root/HH1/artifacts/website/node_modules/react-hook-form/dist'
npm warn tar TAR_ENTRY_ERROR ENOENT: no such file or directory, lstat '/root/HH1/artifacts/website/node_modules/vite/types'
npm warn tar TAR_ENTRY_ERROR ENOENT: no such file or directory, lstat '/root/HH1/artifacts/website/node_modules/date-fns/locale'
npm warn tar TAR_ENTRY_ERROR ENOENT: no such file or directory, lstat '/root/HH1/artifacts/website/node_modules/@tanstack/react-query/build'
npm warn tar TAR_ENTRY_ERROR ENOENT: no such file or directory, lstat '/root/HH1/artifacts/website/node_modules/@types/node/readline'
npm warn tar TAR_ENTRY_ERROR ENOENT: no such file or directory, lstat '/root/HH1/artifacts/website/node_modules/zod/v4'
npm warn tar TAR_ENTRY_ERROR ENOENT: no such file or directory, lstat '/root/HH1/artifacts/website/node_modules/@simplewebauthn/browser/esm'
npm warn tar TAR_ENTRY_ERROR ENOENT: no such file or directory, lstat '/root/HH1/artifacts/website/node_modules/@hookform/resolvers/typanion'
npm warn tar TAR_ENTRY_ERROR ENOENT: no such file or directory, lstat '/root/HH1/artifacts/website/node_modules/framer-motion/dist'
npm warn tar TAR_ENTRY_ERROR ENOENT: no such file or directory, lstat '/root/HH1/artifacts/website/node_modules/react-day-picker/node_modules/date-fns/locale'
npm warn tar TAR_ENTRY_ERROR ENOENT: no such file or directory, lstat '/root/HH1/artifacts/website/node_modules/@fontsource/inter/files'
npm warn tar TAR_ENTRY_ERROR ENOENT: no such file or directory, lstat '/root/HH1/artifacts/website/node_modules/lucide-react/dist'
npm warn tar TAR_ENTRY_ERROR ENOENT: no such file or directory, lstat '/root/HH1/artifacts/website/node_modules/react-day-picker/dist'
npm warn tar TAR_ENTRY_ERROR ENOENT: no such file or directory, lstat '/root/HH1/artifacts/website/node_modules/recharts/es6'
npm warn tar TAR_ENTRY_ERROR ENOENT: no such file or directory, lstat '/root/HH1/artifacts/website/node_modules/react-dom/cjs'
npm warn tar TAR_ENTRY_ERROR ENOENT: no such file or directory, lstat '/root/HH1/artifacts/website/node_modules/date-fns/locale'
npm warn tar TAR_ENTRY_ERROR ENOENT: no such file or directory, lstat '/root/HH1/artifacts/website/node_modules/@types/node/stream'
npm warn tar TAR_ENTRY_ERROR ENOENT: no such file or directory, lstat '/root/HH1/artifacts/website/node_modules/@simplewebauthn/browser/script'
npm warn tar TAR_ENTRY_ERROR ENOENT: no such file or directory, lstat '/root/HH1/artifacts/website/node_modules/zod/v4'
npm warn tar TAR_ENTRY_ERROR ENOENT: no such file or directory, lstat '/root/HH1/artifacts/website/node_modules/@hookform/resolvers/typebox'
npm warn tar TAR_ENTRY_ERROR ENOENT: no such file or directory, lstat '/root/HH1/artifacts/website/node_modules/@tanstack/react-query/build'
npm warn tar TAR_ENTRY_ERROR ENOENT: no such file or directory, lstat '/root/HH1/artifacts/website/node_modules/react-day-picker/node_modules/date-fns/parse'
npm warn tar TAR_ENTRY_ERROR ENOENT: no such file or directory, lstat '/root/HH1/artifacts/website/node_modules/framer-motion/dist'
npm warn tar TAR_ENTRY_ERROR ENOENT: no such file or directory, lstat '/root/HH1/artifacts/website/node_modules/lucide-react/dist'
npm warn tar TAR_ENTRY_ERROR ENOENT: no such file or directory, lstat '/root/HH1/artifacts/website/node_modules/@fontsource/inter/files'
npm warn tar TAR_ENTRY_ERROR ENOENT: no such file or directory, lstat '/root/HH1/artifacts/website/node_modules/react-day-picker/dist'
npm warn tar TAR_ENTRY_ERROR ENOENT: no such file or directory, lstat '/root/HH1/artifacts/website/node_modules/react-hook-form/dist'
npm warn tar TAR_ENTRY_ERROR ENOENT: no such file or directory, lstat '/root/HH1/artifacts/website/node_modules/recharts/lib'
npm warn tar TAR_ENTRY_ERROR ENOENT: no such file or directory, lstat '/root/HH1/artifacts/website/node_modules/react-dom/cjs'
npm warn tar TAR_ENTRY_ERROR ENOENT: no such file or directory, lstat '/root/HH1/artifacts/website/node_modules/date-fns/locale'
npm warn tar TAR_ENTRY_ERROR ENOENT: no such file or directory, lstat '/root/HH1/artifacts/website/node_modules/@types/node/stream'
npm warn tar TAR_ENTRY_ERROR ENOENT: no such file or directory, lstat '/root/HH1/artifacts/website/node_modules/zod/v4'
npm warn tar TAR_ENTRY_ERROR ENOENT: no such file or directory, lstat '/root/HH1/artifacts/website/node_modules/@simplewebauthn/browser/esm'
npm warn tar TAR_ENTRY_ERROR ENOENT: no such file or directory, lstat '/root/HH1/artifacts/website/node_modules/@hookform/resolvers/typeschema'
npm warn tar TAR_ENTRY_ERROR ENOENT: no such file or directory, lstat '/root/HH1/artifacts/website/node_modules/@tanstack/react-query/build'
npm warn tar TAR_ENTRY_ERROR ENOENT: no such file or directory, lstat '/root/HH1/artifacts/website/node_modules/react-day-picker/node_modules/date-fns/parse'
npm warn tar TAR_ENTRY_ERROR ENOENT: no such file or directory, lstat '/root/HH1/artifacts/website/node_modules/lucide-react/dist'
npm warn tar TAR_ENTRY_ERROR ENOENT: no such file or directory, lstat '/root/HH1/artifacts/website/node_modules/framer-motion/dist'
npm warn tar TAR_ENTRY_ERROR ENOENT: no such file or directory, lstat '/root/HH1/artifacts/website/node_modules/@fontsource/inter/files'
npm warn tar TAR_ENTRY_ERROR ENOENT: no such file or directory, lstat '/root/HH1/artifacts/website/node_modules/react-day-picker/dist'
npm warn tar TAR_ENTRY_ERROR ENOENT: no such file or directory, lstat '/root/HH1/artifacts/website/node_modules/react-hook-form/dist'
npm warn tar TAR_ENTRY_ERROR ENOENT: no such file or directory, lstat '/root/HH1/artifacts/website/node_modules/recharts/es6'
npm warn tar TAR_ENTRY_ERROR ENOENT: no such file or directory, lstat '/root/HH1/artifacts/website/node_modules/date-fns/locale'
npm warn tar TAR_ENTRY_ERROR ENOENT: no such file or directory, lstat '/root/HH1/artifacts/website/node_modules/@types/node/stream'
npm warn tar TAR_ENTRY_ERROR ENOENT: no such file or directory, lstat '/root/HH1/artifacts/website/node_modules/@simplewebauthn/browser/script'
npm warn tar TAR_ENTRY_ERROR ENOENT: no such file or directory, lstat '/root/HH1/artifacts/website/node_modules/zod/v4'
npm warn tar TAR_ENTRY_ERROR ENOENT: no such file or directory, lstat '/root/HH1/artifacts/website/node_modules/@hookform/resolvers/valibot'
npm warn tar TAR_ENTRY_ERROR ENOENT: no such file or directory, lstat '/root/HH1/artifacts/website/node_modules/@tanstack/react-query/build'
npm warn tar TAR_ENTRY_ERROR ENOENT: no such file or directory, lstat '/root/HH1/artifacts/website/node_modules/react-day-picker/node_modules/date-fns/parse'
npm warn tar TAR_ENTRY_ERROR ENOENT: no such file or directory, lstat '/root/HH1/artifacts/website/node_modules/lucide-react/dist'
npm warn tar TAR_ENTRY_ERROR ENOENT: no such file or directory, lstat '/root/HH1/artifacts/website/node_modules/@fontsource/inter/files'
npm warn tar TAR_ENTRY_ERROR ENOENT: no such file or directory, lstat '/root/HH1/artifacts/website/node_modules/react-day-picker/dist'
npm warn tar TAR_ENTRY_ERROR ENOENT: no such file or directory, lstat '/root/HH1/artifacts/website/node_modules/framer-motion/dist'
npm warn tar TAR_ENTRY_ERROR ENOENT: no such file or directory, lstat '/root/HH1/artifacts/website/node_modules/react-hook-form/dist'
npm warn tar TAR_ENTRY_ERROR ENOENT: no such file or directory, lstat '/root/HH1/artifacts/website/node_modules/recharts/lib'
npm warn tar TAR_ENTRY_ERROR ENOENT: no such file or directory, lstat '/root/HH1/artifacts/website/node_modules/date-fns/locale'
npm warn tar TAR_ENTRY_ERROR ENOENT: no such file or directory, lstat '/root/HH1/artifacts/website/node_modules/@types/node/stream'
npm warn tar TAR_ENTRY_ERROR ENOENT: no such file or directory, lstat '/root/HH1/artifacts/website/node_modules/@simplewebauthn/browser/esm'
npm warn tar TAR_ENTRY_ERROR ENOENT: no such file or directory, lstat '/root/HH1/artifacts/website/node_modules/zod/v3'
npm warn tar TAR_ENTRY_ERROR ENOENT: no such file or directory, lstat '/root/HH1/artifacts/website/node_modules/@hookform/resolvers/vest'
npm warn tar TAR_ENTRY_ERROR ENOENT: no such file or directory, lstat '/root/HH1/artifacts/website/node_modules/@tanstack/react-query/build'
npm warn tar TAR_ENTRY_ERROR ENOENT: no such file or directory, lstat '/root/HH1/artifacts/website/node_modules/@fontsource/inter/files'
npm warn tar TAR_ENTRY_ERROR ENOENT: no such file or directory, lstat '/root/HH1/artifacts/website/node_modules/react-day-picker/node_modules/date-fns/parse'
npm warn tar TAR_ENTRY_ERROR ENOENT: no such file or directory, lstat '/root/HH1/artifacts/website/node_modules/lucide-react/dist'
npm warn tar TAR_ENTRY_ERROR ENOENT: no such file or directory, lstat '/root/HH1/artifacts/website/node_modules/react-day-picker/dist'
npm warn tar TAR_ENTRY_ERROR ENOENT: no such file or directory, lstat '/root/HH1/artifacts/website/node_modules/framer-motion/dist'
npm warn tar TAR_ENTRY_ERROR ENOENT: no such file or directory, lstat '/root/HH1/artifacts/website/node_modules/react-dom/cjs'
npm warn tar TAR_ENTRY_ERROR ENOENT: no such file or directory, lstat '/root/HH1/artifacts/website/node_modules/react-hook-form/dist'
npm warn tar TAR_ENTRY_ERROR ENOENT: no such file or directory, lstat '/root/HH1/artifacts/website/node_modules/recharts/es6'
npm warn tar TAR_ENTRY_ERROR ENOENT: no such file or directory, lstat '/root/HH1/artifacts/website/node_modules/date-fns/locale'
npm warn tar TAR_ENTRY_ERROR ENOENT: no such file or directory, lstat '/root/HH1/artifacts/website/node_modules/@types/node/test'
npm warn tar TAR_ENTRY_ERROR ENOENT: no such file or directory, lstat '/root/HH1/artifacts/website/node_modules/@simplewebauthn/browser/script'
npm warn tar TAR_ENTRY_ERROR ENOENT: no such file or directory, lstat '/root/HH1/artifacts/website/node_modules/zod/v4'
npm warn tar TAR_ENTRY_ERROR ENOENT: no such file or directory, lstat '/root/HH1/artifacts/website/node_modules/@hookform/resolvers/vine'
npm warn tar TAR_ENTRY_ERROR ENOENT: no such file or directory, lstat '/root/HH1/artifacts/website/node_modules/@tanstack/react-query/build'
npm warn tar TAR_ENTRY_ERROR ENOENT: no such file or directory, lstat '/root/HH1/artifacts/website/node_modules/@fontsource/inter/files'
npm warn tar TAR_ENTRY_ERROR ENOENT: no such file or directory, open '/root/HH1/artifacts/website/node_modules/react-day-picker/node_modules/date-fns/daysToWeeks.cjs'
npm warn tar TAR_ENTRY_ERROR ENOENT: no such file or directory, lstat '/root/HH1/artifacts/website/node_modules/react-day-picker/dist'
npm warn tar TAR_ENTRY_ERROR ENOENT: no such file or directory, lstat '/root/HH1/artifacts/website/node_modules/framer-motion/dist'
npm warn tar TAR_ENTRY_ERROR ENOENT: no such file or directory, lstat '/root/HH1/artifacts/website/node_modules/react-dom/cjs'
npm warn tar TAR_ENTRY_ERROR ENOENT: no such file or directory, lstat '/root/HH1/artifacts/website/node_modules/react-hook-form/dist'
npm warn tar TAR_ENTRY_ERROR ENOENT: no such file or directory, lstat '/root/HH1/artifacts/website/node_modules/recharts/lib'
npm warn tar TAR_ENTRY_ERROR ENOENT: no such file or directory, lstat '/root/HH1/artifacts/website/node_modules/lucide-react/dist'
npm warn tar TAR_ENTRY_ERROR ENOENT: no such file or directory, lstat '/root/HH1/artifacts/website/node_modules/react-day-picker/node_modules/date-fns/fp'
npm warn tar TAR_ENTRY_ERROR ENOENT: no such file or directory, lstat '/root/HH1/artifacts/website/node_modules/date-fns/locale'
npm warn tar TAR_ENTRY_ERROR ENOENT: no such file or directory, lstat '/root/HH1/artifacts/website/node_modules/@types/node/timers'
npm warn tar TAR_ENTRY_ERROR ENOENT: no such file or directory, lstat '/root/HH1/artifacts/website/node_modules/@simplewebauthn/browser/esm'
npm warn tar TAR_ENTRY_ERROR ENOENT: no such file or directory, lstat '/root/HH1/artifacts/website/node_modules/zod/v4'
npm warn tar TAR_ENTRY_ERROR ENOENT: no such file or directory, lstat '/root/HH1/artifacts/website/node_modules/@tanstack/react-query/build'
npm warn tar TAR_ENTRY_ERROR ENOENT: no such file or directory, lstat '/root/HH1/artifacts/website/node_modules/@fontsource/inter/files'
npm warn tar TAR_ENTRY_ERROR ENOENT: no such file or directory, lstat '/root/HH1/artifacts/website/node_modules/@hookform/resolvers/yup'
npm warn tar TAR_ENTRY_ERROR ENOENT: no such file or directory, lstat '/root/HH1/artifacts/website/node_modules/react-day-picker/dist'
npm warn tar TAR_ENTRY_ERROR ENOENT: no such file or directory, lstat '/root/HH1/artifacts/website/node_modules/framer-motion/dist'
npm warn tar TAR_ENTRY_ERROR ENOENT: no such file or directory, lstat '/root/HH1/artifacts/website/node_modules/react-hook-form/dist'
npm warn tar TAR_ENTRY_ERROR ENOENT: no such file or directory, lstat '/root/HH1/artifacts/website/node_modules/lucide-react/dist'
npm warn tar TAR_ENTRY_ERROR ENOENT: no such file or directory, lstat '/root/HH1/artifacts/website/node_modules/recharts/es6'
npm warn tar TAR_ENTRY_ERROR ENOENT: no such file or directory, lstat '/root/HH1/artifacts/website/node_modules/react-day-picker/node_modules/date-fns/locale'
npm warn tar TAR_ENTRY_ERROR ENOENT: no such file or directory, lstat '/root/HH1/artifacts/website/node_modules/date-fns/locale'
npm warn tar TAR_ENTRY_ERROR ENOENT: no such file or directory, lstat '/root/HH1/artifacts/website/node_modules/@types/node/ts5.6'
npm warn tar TAR_ENTRY_ERROR ENOENT: no such file or directory, lstat '/root/HH1/artifacts/website/node_modules/@simplewebauthn/browser/script'
npm warn tar TAR_ENTRY_ERROR ENOENT: no such file or directory, lstat '/root/HH1/artifacts/website/node_modules/zod/v4'
npm warn tar TAR_ENTRY_ERROR ENOENT: no such file or directory, lstat '/root/HH1/artifacts/website/node_modules/@tanstack/react-query/build'
npm warn tar TAR_ENTRY_ERROR ENOENT: no such file or directory, lstat '/root/HH1/artifacts/website/node_modules/@fontsource/inter/files'
npm warn tar TAR_ENTRY_ERROR ENOENT: no such file or directory, lstat '/root/HH1/artifacts/website/node_modules/@hookform/resolvers/zod'
npm warn tar TAR_ENTRY_ERROR ENOENT: no such file or directory, lstat '/root/HH1/artifacts/website/node_modules/react-day-picker/dist'
npm warn tar TAR_ENTRY_ERROR ENOENT: no such file or directory, lstat '/root/HH1/artifacts/website/node_modules/framer-motion/dist'
npm warn tar TAR_ENTRY_ERROR ENOENT: no such file or directory, lstat '/root/HH1/artifacts/website/node_modules/react-hook-form/dist'
npm warn tar TAR_ENTRY_ERROR ENOENT: no such file or directory, lstat '/root/HH1/artifacts/website/node_modules/lucide-react/dist'
npm warn tar TAR_ENTRY_ERROR ENOENT: no such file or directory, lstat '/root/HH1/artifacts/website/node_modules/recharts/lib'
npm warn tar TAR_ENTRY_ERROR ENOENT: no such file or directory, lstat '/root/HH1/artifacts/website/node_modules/react-day-picker/node_modules/date-fns/locale'
npm warn tar TAR_ENTRY_ERROR ENOENT: no such file or directory, lstat '/root/HH1/artifacts/website/node_modules/date-fns/locale'
npm warn tar TAR_ENTRY_ERROR ENOENT: no such file or directory, lstat '/root/HH1/artifacts/website/node_modules/@types/node/ts5.6'
npm warn tar TAR_ENTRY_ERROR ENOENT: no such file or directory, open '/root/HH1/artifacts/website/node_modules/@simplewebauthn/browser/LICENSE.md'
npm warn tar TAR_ENTRY_ERROR ENOENT: no such file or directory, lstat '/root/HH1/artifacts/website/node_modules/zod/v4'
npm warn tar TAR_ENTRY_ERROR ENOENT: no such file or directory, lstat '/root/HH1/artifacts/website/node_modules/@tanstack/react-query/build'
npm warn tar TAR_ENTRY_ERROR ENOENT: no such file or directory, lstat '/root/HH1/artifacts/website/node_modules/@fontsource/inter/files'
npm warn tar TAR_ENTRY_ERROR ENOENT: no such file or directory, lstat '/root/HH1/artifacts/website/node_modules/@hookform/resolvers/ajv'
npm warn tar TAR_ENTRY_ERROR ENOENT: no such file or directory, lstat '/root/HH1/artifacts/website/node_modules/react-day-picker/dist'
npm warn tar TAR_ENTRY_ERROR ENOENT: no such file or directory, lstat '/root/HH1/artifacts/website/node_modules/framer-motion/dist'
npm warn tar TAR_ENTRY_ERROR ENOENT: no such file or directory, lstat '/root/HH1/artifacts/website/node_modules/react-dom/cjs'
npm warn tar TAR_ENTRY_ERROR ENOENT: no such file or directory, open '/root/HH1/artifacts/website/node_modules/@simplewebauthn/browser/README.md'
npm warn tar TAR_ENTRY_ERROR ENOENT: no such file or directory, lstat '/root/HH1/artifacts/website/node_modules/react-hook-form/dist'
npm warn tar TAR_ENTRY_ERROR ENOENT: no such file or directory, lstat '/root/HH1/artifacts/website/node_modules/recharts/es6'
npm warn tar TAR_ENTRY_ERROR ENOENT: no such file or directory, lstat '/root/HH1/artifacts/website/node_modules/lucide-react/dist'
npm warn tar TAR_ENTRY_ERROR ENOENT: no such file or directory, lstat '/root/HH1/artifacts/website/node_modules/react-day-picker/node_modules/date-fns/_lib'
npm warn tar TAR_ENTRY_ERROR ENOENT: no such file or directory, lstat '/root/HH1/artifacts/website/node_modules/date-fns/locale'
npm warn tar TAR_ENTRY_ERROR ENOENT: no such file or directory, lstat '/root/HH1/artifacts/website/node_modules/@types/node/ts5.6'
npm warn tar TAR_ENTRY_ERROR ENOENT: no such file or directory, lstat '/root/HH1/artifacts/website/node_modules/@simplewebauthn/browser/esm'
npm warn tar TAR_ENTRY_ERROR ENOENT: no such file or directory, lstat '/root/HH1/artifacts/website/node_modules/zod/v4'
npm warn tar TAR_ENTRY_ERROR ENOENT: no such file or directory, lstat '/root/HH1/artifacts/website/node_modules/@fontsource/inter/files'
npm warn tar TAR_ENTRY_ERROR ENOENT: no such file or directory, lstat '/root/HH1/artifacts/website/node_modules/@hookform/resolvers/ajv'
npm warn tar TAR_ENTRY_ERROR ENOENT: no such file or directory, lstat '/root/HH1/artifacts/website/node_modules/react-day-picker/dist'
npm warn tar TAR_ENTRY_ERROR ENOENT: no such file or directory, lstat '/root/HH1/artifacts/website/node_modules/framer-motion/dist'
npm warn tar TAR_ENTRY_ERROR ENOENT: no such file or directory, lstat '/root/HH1/artifacts/website/node_modules/react-dom/cjs'
npm warn tar TAR_ENTRY_ERROR ENOENT: no such file or directory, lstat '/root/HH1/artifacts/website/node_modules/react-hook-form/dist'
npm warn tar TAR_ENTRY_ERROR ENOENT: no such file or directory, lstat '/root/HH1/artifacts/website/node_modules/recharts/lib'
npm warn tar TAR_ENTRY_ERROR ENOENT: no such file or directory, lstat '/root/HH1/artifacts/website/node_modules/lucide-react/dist'
npm warn tar TAR_ENTRY_ERROR ENOENT: no such file or directory, lstat '/root/HH1/artifacts/website/node_modules/react-day-picker/node_modules/date-fns/_lib'
npm warn tar TAR_ENTRY_ERROR ENOENT: no such file or directory, lstat '/root/HH1/artifacts/website/node_modules/date-fns/locale'
npm warn tar TAR_ENTRY_ERROR ENOENT: no such file or directory, lstat '/root/HH1/artifacts/website/node_modules/@types/node/ts5.7'
npm warn tar TAR_ENTRY_ERROR ENOENT: no such file or directory, lstat '/root/HH1/artifacts/website/node_modules/@simplewebauthn/browser/script'
npm warn tar TAR_ENTRY_ERROR ENOENT: no such file or directory, lstat '/root/HH1/artifacts/website/node_modules/zod/v4'
npm warn tar TAR_ENTRY_ERROR ENOENT: no such file or directory, lstat '/root/HH1/artifacts/website/node_modules/@tanstack/react-query/build'
npm warn tar TAR_ENTRY_ERROR ENOENT: no such file or directory, lstat '/root/HH1/artifacts/website/node_modules/@fontsource/inter/files'
npm warn tar TAR_ENTRY_ERROR ENOENT: no such file or directory, lstat '/root/HH1/artifacts/website/node_modules/@hookform/resolvers/ajv'
npm warn tar TAR_ENTRY_ERROR ENOENT: no such file or directory, lstat '/root/HH1/artifacts/website/node_modules/react-day-picker/dist'
npm warn tar TAR_ENTRY_ERROR ENOENT: no such file or directory, lstat '/root/HH1/artifacts/website/node_modules/framer-motion/dist'
npm warn tar TAR_ENTRY_ERROR ENOENT: no such file or directory, lstat '/root/HH1/artifacts/website/node_modules/react-dom/cjs'
npm warn tar TAR_ENTRY_ERROR ENOENT: no such file or directory, lstat '/root/HH1/artifacts/website/node_modules/react-hook-form/dist'
npm warn tar TAR_ENTRY_ERROR ENOENT: no such file or directory, lstat '/root/HH1/artifacts/website/node_modules/lucide-react/dist'
npm warn tar TAR_ENTRY_ERROR ENOENT: no such file or directory, lstat '/root/HH1/artifacts/website/node_modules/recharts/es6'
npm warn tar TAR_ENTRY_ERROR ENOENT: no such file or directory, open '/root/HH1/artifacts/website/node_modules/react-day-picker/node_modules/date-fns/differenceInBusinessDays.cjs'
npm warn tar TAR_ENTRY_ERROR ENOENT: no such file or directory, lstat '/root/HH1/artifacts/website/node_modules/date-fns/locale'
npm warn tar TAR_ENTRY_ERROR ENOENT: no such file or directory, lstat '/root/HH1/artifacts/website/node_modules/@types/node/util'
npm warn tar TAR_ENTRY_ERROR ENOENT: no such file or directory, lstat '/root/HH1/artifacts/website/node_modules/@simplewebauthn/browser/esm'
npm warn tar TAR_ENTRY_ERROR ENOENT: no such file or directory, lstat '/root/HH1/artifacts/website/node_modules/zod/v3'
npm warn tar TAR_ENTRY_ERROR ENOENT: no such file or directory, lstat '/root/HH1/artifacts/website/node_modules/@fontsource/inter/files'
npm warn tar TAR_ENTRY_ERROR ENOENT: no such file or directory, lstat '/root/HH1/artifacts/website/node_modules/@hookform/resolvers/ajv'
npm warn tar TAR_ENTRY_ERROR ENOENT: no such file or directory, lstat '/root/HH1/artifacts/website/node_modules/react-day-picker/node_modules/date-fns/fp'
npm warn tar TAR_ENTRY_ERROR ENOENT: no such file or directory, lstat '/root/HH1/artifacts/website/node_modules/react-day-picker/dist'
npm warn tar TAR_ENTRY_ERROR ENOENT: no such file or directory, lstat '/root/HH1/artifacts/website/node_modules/react-dom/cjs'
npm warn tar TAR_ENTRY_ERROR ENOENT: no such file or directory, lstat '/root/HH1/artifacts/website/node_modules/framer-motion/dist'
npm warn tar TAR_ENTRY_ERROR ENOENT: no such file or directory, lstat '/root/HH1/artifacts/website/node_modules/react-hook-form/dist'
npm warn tar TAR_ENTRY_ERROR ENOENT: no such file or directory, lstat '/root/HH1/artifacts/website/node_modules/lucide-react/dist'
npm warn tar TAR_ENTRY_ERROR ENOENT: no such file or directory, lstat '/root/HH1/artifacts/website/node_modules/recharts/lib'
npm warn tar TAR_ENTRY_ERROR ENOENT: no such file or directory, lstat '/root/HH1/artifacts/website/node_modules/date-fns/locale'
npm warn tar TAR_ENTRY_ERROR ENOENT: no such file or directory, lstat '/root/HH1/artifacts/website/node_modules/@types/node/web-globals'
npm warn tar TAR_ENTRY_ERROR ENOENT: no such file or directory, lstat '/root/HH1/artifacts/website/node_modules/@simplewebauthn/browser/script'
npm warn tar TAR_ENTRY_ERROR ENOENT: no such file or directory, lstat '/root/HH1/artifacts/website/node_modules/zod/v3'
npm warn tar TAR_ENTRY_ERROR ENOENT: no such file or directory, lstat '/root/HH1/artifacts/website/node_modules/@tanstack/react-query/build'
npm warn tar TAR_ENTRY_ERROR ENOENT: no such file or directory, lstat '/root/HH1/artifacts/website/node_modules/@hookform/resolvers/arktype'
npm warn tar TAR_ENTRY_ERROR ENOENT: no such file or directory, lstat '/root/HH1/artifacts/website/node_modules/react-day-picker/node_modules/date-fns/fp'
npm warn tar TAR_ENTRY_ERROR ENOENT: no such file or directory, lstat '/root/HH1/artifacts/website/node_modules/react-day-picker/dist'
npm warn tar TAR_ENTRY_ERROR ENOENT: no such file or directory, lstat '/root/HH1/artifacts/website/node_modules/react-dom/cjs'
npm warn tar TAR_ENTRY_ERROR ENOENT: no such file or directory, lstat '/root/HH1/artifacts/website/node_modules/@fontsource/inter/files'
npm warn tar TAR_ENTRY_ERROR ENOENT: no such file or directory, lstat '/root/HH1/artifacts/website/node_modules/framer-motion/dist'
npm warn tar TAR_ENTRY_ERROR ENOENT: no such file or directory, lstat '/root/HH1/artifacts/website/node_modules/react-hook-form/dist'
npm warn tar TAR_ENTRY_ERROR ENOENT: no such file or directory, lstat '/root/HH1/artifacts/website/node_modules/lucide-react/dist'
npm warn tar TAR_ENTRY_ERROR ENOENT: no such file or directory, lstat '/root/HH1/artifacts/website/node_modules/recharts/es6'
npm warn tar TAR_ENTRY_ERROR ENOENT: no such file or directory, lstat '/root/HH1/artifacts/website/node_modules/date-fns/locale'
npm warn tar TAR_ENTRY_ERROR ENOENT: no such file or directory, lstat '/root/HH1/artifacts/website/node_modules/@types/node/web-globals'
npm warn tar TAR_ENTRY_ERROR ENOENT: no such file or directory, lstat '/root/HH1/artifacts/website/node_modules/@simplewebauthn/browser/esm'
npm warn tar TAR_ENTRY_ERROR ENOENT: no such file or directory, lstat '/root/HH1/artifacts/website/node_modules/@tanstack/react-query/build'
npm warn tar TAR_ENTRY_ERROR ENOENT: no such file or directory, lstat '/root/HH1/artifacts/website/node_modules/zod/v4'
npm warn tar TAR_ENTRY_ERROR ENOENT: no such file or directory, lstat '/root/HH1/artifacts/website/node_modules/@hookform/resolvers/arktype'
npm warn tar TAR_ENTRY_ERROR ENOENT: no such file or directory, open '/root/HH1/artifacts/website/node_modules/react-day-picker/node_modules/date-fns/differenceInCalendarDays.cjs'
npm warn tar TAR_ENTRY_ERROR ENOENT: no such file or directory, lstat '/root/HH1/artifacts/website/node_modules/react-day-picker/dist'
npm warn tar TAR_ENTRY_ERROR ENOENT: no such file or directory, lstat '/root/HH1/artifacts/website/node_modules/react-dom/cjs'
npm warn tar TAR_ENTRY_ERROR ENOENT: no such file or directory, lstat '/root/HH1/artifacts/website/node_modules/@fontsource/inter/files'
npm warn tar TAR_ENTRY_ERROR ENOENT: no such file or directory, lstat '/root/HH1/artifacts/website/node_modules/framer-motion/dist'
npm warn tar TAR_ENTRY_ERROR ENOENT: no such file or directory, lstat '/root/HH1/artifacts/website/node_modules/react-hook-form/dist'
npm warn tar TAR_ENTRY_ERROR ENOENT: no such file or directory, lstat '/root/HH1/artifacts/website/node_modules/lucide-react/dist'
npm warn tar TAR_ENTRY_ERROR ENOENT: no such file or directory, lstat '/root/HH1/artifacts/website/node_modules/recharts/lib'
npm warn tar TAR_ENTRY_ERROR ENOENT: no such file or directory, lstat '/root/HH1/artifacts/website/node_modules/date-fns/locale'
npm warn tar TAR_ENTRY_ERROR ENOENT: no such file or directory, lstat '/root/HH1/artifacts/website/node_modules/@types/node/web-globals'
npm warn tar TAR_ENTRY_ERROR ENOENT: no such file or directory, lstat '/root/HH1/artifacts/website/node_modules/react-day-picker/node_modules/date-fns/fp'
npm warn tar TAR_ENTRY_ERROR ENOENT: no such file or directory, lstat '/root/HH1/artifacts/website/node_modules/@simplewebauthn/browser/script'
npm warn tar TAR_ENTRY_ERROR ENOENT: no such file or directory, lstat '/root/HH1/artifacts/website/node_modules/@tanstack/react-query/build'
npm warn tar TAR_ENTRY_ERROR ENOENT: no such file or directory, lstat '/root/HH1/artifacts/website/node_modules/@hookform/resolvers/arktype'
npm warn tar TAR_ENTRY_ERROR ENOENT: no such file or directory, lstat '/root/HH1/artifacts/website/node_modules/zod/v4'
npm warn tar TAR_ENTRY_ERROR ENOENT: no such file or directory, lstat '/root/HH1/artifacts/website/node_modules/react-day-picker/dist'
npm warn tar TAR_ENTRY_ERROR ENOENT: no such file or directory, open '/root/HH1/artifacts/website/node_modules/react-dom/react-dom.react-server.js'
npm warn tar TAR_ENTRY_ERROR ENOENT: no such file or directory, lstat '/root/HH1/artifacts/website/node_modules/framer-motion/dist'
npm warn tar TAR_ENTRY_ERROR ENOENT: no such file or directory, lstat '/root/HH1/artifacts/website/node_modules/@fontsource/inter/files'
npm warn tar TAR_ENTRY_ERROR ENOENT: no such file or directory, lstat '/root/HH1/artifacts/website/node_modules/lucide-react/dist'
npm warn tar TAR_ENTRY_ERROR ENOENT: no such file or directory, lstat '/root/HH1/artifacts/website/node_modules/react-hook-form/dist'
npm warn tar TAR_ENTRY_ERROR ENOENT: no such file or directory, lstat '/root/HH1/artifacts/website/node_modules/recharts/es6'
npm warn tar TAR_ENTRY_ERROR ENOENT: no such file or directory, lstat '/root/HH1/artifacts/website/node_modules/date-fns/locale'
npm warn tar TAR_ENTRY_ERROR ENOENT: no such file or directory, lstat '/root/HH1/artifacts/website/node_modules/@types/node/web-globals'
npm warn tar TAR_ENTRY_ERROR ENOENT: no such file or directory, lstat '/root/HH1/artifacts/website/node_modules/react-day-picker/node_modules/date-fns/fp'
npm warn tar TAR_ENTRY_ERROR ENOENT: no such file or directory, lstat '/root/HH1/artifacts/website/node_modules/react-dom/cjs'
npm warn tar TAR_ENTRY_ERROR ENOENT: no such file or directory, lstat '/root/HH1/artifacts/website/node_modules/@simplewebauthn/browser/esm'
npm warn tar TAR_ENTRY_ERROR ENOENT: no such file or directory, lstat '/root/HH1/artifacts/website/node_modules/@tanstack/react-query/build'
npm warn tar TAR_ENTRY_ERROR ENOENT: no such file or directory, lstat '/root/HH1/artifacts/website/node_modules/@hookform/resolvers/arktype'
npm warn tar TAR_ENTRY_ERROR ENOENT: no such file or directory, lstat '/root/HH1/artifacts/website/node_modules/zod/v3'
npm warn tar TAR_ENTRY_ERROR ENOENT: no such file or directory, lstat '/root/HH1/artifacts/website/node_modules/react-day-picker/dist'
npm warn tar TAR_ENTRY_ERROR ENOENT: no such file or directory, lstat '/root/HH1/artifacts/website/node_modules/@fontsource/inter/files'
npm warn tar TAR_ENTRY_ERROR ENOENT: no such file or directory, lstat '/root/HH1/artifacts/website/node_modules/lucide-react/dist'
npm warn tar TAR_ENTRY_ERROR ENOENT: no such file or directory, lstat '/root/HH1/artifacts/website/node_modules/react-hook-form/dist'
npm warn tar TAR_ENTRY_ERROR ENOENT: no such file or directory, lstat '/root/HH1/artifacts/website/node_modules/recharts/lib'
npm warn tar TAR_ENTRY_ERROR ENOENT: no such file or directory, lstat '/root/HH1/artifacts/website/node_modules/date-fns/locale'
npm warn tar TAR_ENTRY_ERROR ENOENT: no such file or directory, lstat '/root/HH1/artifacts/website/node_modules/framer-motion/dist'
npm warn tar TAR_ENTRY_ERROR ENOENT: no such file or directory, lstat '/root/HH1/artifacts/website/node_modules/@types/node/web-globals'
npm warn tar TAR_ENTRY_ERROR ENOENT: no such file or directory, open '/root/HH1/artifacts/website/node_modules/react-day-picker/node_modules/date-fns/differenceInCalendarISOWeeks.cjs'
npm warn tar TAR_ENTRY_ERROR ENOENT: no such file or directory, open '/root/HH1/artifacts/website/node_modules/react-dom/server.browser.js'
npm warn tar TAR_ENTRY_ERROR ENOENT: no such file or directory, lstat '/root/HH1/artifacts/website/node_modules/@simplewebauthn/browser/script'
npm warn tar TAR_ENTRY_ERROR ENOENT: no such file or directory, lstat '/root/HH1/artifacts/website/node_modules/@tanstack/react-query/build'
npm warn tar TAR_ENTRY_ERROR ENOENT: no such file or directory, lstat '/root/HH1/artifacts/website/node_modules/@hookform/resolvers/class-validator'
npm warn tar TAR_ENTRY_ERROR ENOENT: no such file or directory, lstat '/root/HH1/artifacts/website/node_modules/zod/v4'
npm warn tar TAR_ENTRY_ERROR ENOENT: no such file or directory, lstat '/root/HH1/artifacts/website/node_modules/react-day-picker/dist'
npm warn tar TAR_ENTRY_ERROR ENOENT: no such file or directory, lstat '/root/HH1/artifacts/website/node_modules/react-day-picker/node_modules/date-fns/fp'
npm warn tar TAR_ENTRY_ERROR ENOENT: no such file or directory, open '/root/HH1/artifacts/website/node_modules/react-dom/server.bun.js'
npm warn tar TAR_ENTRY_ERROR ENOENT: no such file or directory, lstat '/root/HH1/artifacts/website/node_modules/@fontsource/inter/files'
npm warn tar TAR_ENTRY_ERROR ENOENT: no such file or directory, lstat '/root/HH1/artifacts/website/node_modules/lucide-react/dist'
npm warn tar TAR_ENTRY_ERROR ENOENT: no such file or directory, lstat '/root/HH1/artifacts/website/node_modules/react-hook-form/dist'
npm warn tar TAR_ENTRY_ERROR ENOENT: no such file or directory, lstat '/root/HH1/artifacts/website/node_modules/recharts/es6'
npm warn tar TAR_ENTRY_ERROR ENOENT: no such file or directory, lstat '/root/HH1/artifacts/website/node_modules/date-fns/locale'
npm warn tar TAR_ENTRY_ERROR ENOENT: no such file or directory, lstat '/root/HH1/artifacts/website/node_modules/framer-motion/dist'
npm warn tar TAR_ENTRY_ERROR ENOENT: no such file or directory, lstat '/root/HH1/artifacts/website/node_modules/@types/node/web-globals'
npm warn tar TAR_ENTRY_ERROR ENOENT: no such file or directory, open '/root/HH1/artifacts/website/node_modules/react-dom/server.edge.js'
npm warn tar TAR_ENTRY_ERROR ENOENT: no such file or directory, lstat '/root/HH1/artifacts/website/node_modules/@simplewebauthn/browser/esm'
npm warn tar TAR_ENTRY_ERROR ENOENT: no such file or directory, lstat '/root/HH1/artifacts/website/node_modules/@tanstack/react-query/build'
npm warn tar TAR_ENTRY_ERROR ENOENT: no such file or directory, lstat '/root/HH1/artifacts/website/node_modules/@hookform/resolvers/class-validator'
npm warn tar TAR_ENTRY_ERROR ENOENT: no such file or directory, lstat '/root/HH1/artifacts/website/node_modules/zod/v4'
npm warn tar TAR_ENTRY_ERROR ENOENT: no such file or directory, lstat '/root/HH1/artifacts/website/node_modules/react-day-picker/dist'
npm warn tar TAR_ENTRY_ERROR ENOENT: no such file or directory, lstat '/root/HH1/artifacts/website/node_modules/react-day-picker/node_modules/date-fns/fp'
npm warn tar TAR_ENTRY_ERROR ENOENT: no such file or directory, open '/root/HH1/artifacts/website/node_modules/react-dom/server.js'
npm warn tar TAR_ENTRY_ERROR ENOENT: no such file or directory, lstat '/root/HH1/artifacts/website/node_modules/@fontsource/inter/files'
npm warn tar TAR_ENTRY_ERROR ENOENT: no such file or directory, lstat '/root/HH1/artifacts/website/node_modules/react-hook-form/dist'
npm warn tar TAR_ENTRY_ERROR ENOENT: no such file or directory, lstat '/root/HH1/artifacts/website/node_modules/date-fns/locale'
npm warn tar TAR_ENTRY_ERROR ENOENT: no such file or directory, lstat '/root/HH1/artifacts/website/node_modules/recharts/lib'
npm warn tar TAR_ENTRY_ERROR ENOENT: no such file or directory, lstat '/root/HH1/artifacts/website/node_modules/framer-motion/dist'
npm warn tar TAR_ENTRY_ERROR ENOENT: no such file or directory, lstat '/root/HH1/artifacts/website/node_modules/@types/node/web-globals'
npm warn tar TAR_ENTRY_ERROR ENOENT: no such file or directory, lstat '/root/HH1/artifacts/website/node_modules/lucide-react/dist'
npm warn tar TAR_ENTRY_ERROR ENOENT: no such file or directory, open '/root/HH1/artifacts/website/node_modules/react-dom/server.node.js'
npm warn tar TAR_ENTRY_ERROR ENOENT: no such file or directory, lstat '/root/HH1/artifacts/website/node_modules/@simplewebauthn/browser/script'
npm warn tar TAR_ENTRY_ERROR ENOENT: no such file or directory, lstat '/root/HH1/artifacts/website/node_modules/@tanstack/react-query/build'
npm warn tar TAR_ENTRY_ERROR ENOENT: no such file or directory, lstat '/root/HH1/artifacts/website/node_modules/@hookform/resolvers/class-validator'
npm warn tar TAR_ENTRY_ERROR ENOENT: no such file or directory, lstat '/root/HH1/artifacts/website/node_modules/zod/v4'
npm warn tar TAR_ENTRY_ERROR ENOENT: no such file or directory, lstat '/root/HH1/artifacts/website/node_modules/react-day-picker/dist'
npm warn tar TAR_ENTRY_ERROR ENOENT: no such file or directory, open '/root/HH1/artifacts/website/node_modules/react-day-picker/node_modules/date-fns/differenceInCalendarISOWeekYears.cjs'
npm warn tar TAR_ENTRY_ERROR ENOENT: no such file or directory, open '/root/HH1/artifacts/website/node_modules/react-dom/server.react-server.js'
npm warn tar TAR_ENTRY_ERROR ENOENT: no such file or directory, lstat '/root/HH1/artifacts/website/node_modules/@fontsource/inter/files'
npm warn tar TAR_ENTRY_ERROR ENOENT: no such file or directory, lstat '/root/HH1/artifacts/website/node_modules/react-hook-form/dist'
npm warn tar TAR_ENTRY_ERROR ENOENT: no such file or directory, lstat '/root/HH1/artifacts/website/node_modules/date-fns/locale'
npm warn tar TAR_ENTRY_ERROR ENOENT: no such file or directory, lstat '/root/HH1/artifacts/website/node_modules/framer-motion/dist'
npm warn tar TAR_ENTRY_ERROR ENOENT: no such file or directory, lstat '/root/HH1/artifacts/website/node_modules/recharts/es6'
npm warn tar TAR_ENTRY_ERROR ENOENT: no such file or directory, lstat '/root/HH1/artifacts/website/node_modules/lucide-react/dist'
npm warn tar TAR_ENTRY_ERROR ENOENT: no such file or directory, lstat '/root/HH1/artifacts/website/node_modules/@types/node/web-globals'
npm warn tar TAR_ENTRY_ERROR ENOENT: no such file or directory, open '/root/HH1/artifacts/website/node_modules/react-dom/static.browser.js'
npm warn tar TAR_ENTRY_ERROR ENOENT: no such file or directory, lstat '/root/HH1/artifacts/website/node_modules/@simplewebauthn/browser/esm'
npm warn tar TAR_ENTRY_ERROR ENOENT: no such file or directory, lstat '/root/HH1/artifacts/website/node_modules/@tanstack/react-query/build'
npm warn tar TAR_ENTRY_ERROR ENOENT: no such file or directory, lstat '/root/HH1/artifacts/website/node_modules/zod/v4'
npm warn tar TAR_ENTRY_ERROR ENOENT: no such file or directory, lstat '/root/HH1/artifacts/website/node_modules/@hookform/resolvers/class-validator'
npm warn tar TAR_ENTRY_ERROR ENOENT: no such file or directory, lstat '/root/HH1/artifacts/website/node_modules/react-day-picker/dist'
npm warn tar TAR_ENTRY_ERROR ENOENT: no such file or directory, lstat '/root/HH1/artifacts/website/node_modules/react-day-picker/node_modules/date-fns/fp'
npm warn tar TAR_ENTRY_ERROR ENOENT: no such file or directory, open '/root/HH1/artifacts/website/node_modules/react-dom/static.edge.js'
npm warn tar TAR_ENTRY_ERROR ENOENT: no such file or directory, lstat '/root/HH1/artifacts/website/node_modules/@fontsource/inter/files'
npm warn tar TAR_ENTRY_ERROR ENOENT: no such file or directory, lstat '/root/HH1/artifacts/website/node_modules/react-hook-form/dist'
npm warn tar TAR_ENTRY_ERROR ENOENT: no such file or directory, lstat '/root/HH1/artifacts/website/node_modules/date-fns/locale'
npm warn tar TAR_ENTRY_ERROR ENOENT: no such file or directory, lstat '/root/HH1/artifacts/website/node_modules/framer-motion/dist'
npm warn tar TAR_ENTRY_ERROR ENOENT: no such file or directory, lstat '/root/HH1/artifacts/website/node_modules/recharts/lib'
npm warn tar TAR_ENTRY_ERROR ENOENT: no such file or directory, lstat '/root/HH1/artifacts/website/node_modules/lucide-react/dist'
npm warn tar TAR_ENTRY_ERROR ENOENT: no such file or directory, lstat '/root/HH1/artifacts/website/node_modules/react-icons/cg'
npm warn tar TAR_ENTRY_ERROR ENOENT: no such file or directory, lstat '/root/HH1/artifacts/website/node_modules/@simplewebauthn/browser/script'
npm warn tar TAR_ENTRY_ERROR ENOENT: no such file or directory, open '/root/HH1/artifacts/website/node_modules/react-dom/static.js'
npm warn tar TAR_ENTRY_ERROR ENOENT: no such file or directory, lstat '/root/HH1/artifacts/website/node_modules/@types/node/web-globals'
npm warn tar TAR_ENTRY_ERROR ENOENT: no such file or directory, lstat '/root/HH1/artifacts/website/node_modules/@tanstack/react-query/build'
npm warn tar TAR_ENTRY_ERROR ENOENT: no such file or directory, lstat '/root/HH1/artifacts/website/node_modules/zod/v4'
npm warn tar TAR_ENTRY_ERROR ENOENT: no such file or directory, lstat '/root/HH1/artifacts/website/node_modules/@hookform/resolvers/computed-types'
npm warn tar TAR_ENTRY_ERROR ENOENT: no such file or directory, lstat '/root/HH1/artifacts/website/node_modules/react-day-picker/dist'
npm warn tar TAR_ENTRY_ERROR ENOENT: no such file or directory, lstat '/root/HH1/artifacts/website/node_modules/react-day-picker/node_modules/date-fns/fp'
npm warn tar TAR_ENTRY_ERROR ENOENT: no such file or directory, open '/root/HH1/artifacts/website/node_modules/react-dom/static.node.js'
npm warn tar TAR_ENTRY_ERROR ENOENT: no such file or directory, lstat '/root/HH1/artifacts/website/node_modules/@fontsource/inter/files'
npm warn tar TAR_ENTRY_ERROR ENOENT: no such file or directory, lstat '/root/HH1/artifacts/website/node_modules/react-hook-form/dist'
npm warn tar TAR_ENTRY_ERROR ENOENT: no such file or directory, lstat '/root/HH1/artifacts/website/node_modules/date-fns/locale'
npm warn tar TAR_ENTRY_ERROR ENOENT: no such file or directory, lstat '/root/HH1/artifacts/website/node_modules/recharts/es6'
npm warn tar TAR_ENTRY_ERROR ENOENT: no such file or directory, lstat '/root/HH1/artifacts/website/node_modules/framer-motion/dist'
npm warn tar TAR_ENTRY_ERROR ENOENT: no such file or directory, lstat '/root/HH1/artifacts/website/node_modules/lucide-react/dist'
npm warn tar TAR_ENTRY_ERROR ENOENT: no such file or directory, lstat '/root/HH1/artifacts/website/node_modules/@simplewebauthn/browser/esm'
npm warn tar TAR_ENTRY_ERROR ENOENT: no such file or directory, open '/root/HH1/artifacts/website/node_modules/react-dom/static.react-server.js'
npm warn tar TAR_ENTRY_ERROR ENOENT: no such file or directory, lstat '/root/HH1/artifacts/website/node_modules/@types/node/web-globals'
npm warn tar TAR_ENTRY_ERROR ENOENT: no such file or directory, lstat '/root/HH1/artifacts/website/node_modules/@tanstack/react-query/build'
npm warn tar TAR_ENTRY_ERROR ENOENT: no such file or directory, lstat '/root/HH1/artifacts/website/node_modules/zod/v3'
npm warn tar TAR_ENTRY_ERROR ENOENT: no such file or directory, lstat '/root/HH1/artifacts/website/node_modules/@hookform/resolvers/computed-types'
npm warn tar TAR_ENTRY_ERROR ENOENT: no such file or directory, lstat '/root/HH1/artifacts/website/node_modules/react-day-picker/dist'
npm warn tar TAR_ENTRY_ERROR ENOENT: no such file or directory, open '/root/HH1/artifacts/website/node_modules/react-day-picker/node_modules/date-fns/differenceInCalendarMonths.cjs'
npm warn tar TAR_ENTRY_ERROR ENOENT: no such file or directory, open '/root/HH1/artifacts/website/node_modules/react-dom/test-utils.js'
npm warn tar TAR_ENTRY_ERROR ENOENT: no such file or directory, lstat '/root/HH1/artifacts/website/node_modules/@fontsource/inter/files'
npm warn tar TAR_ENTRY_ERROR ENOENT: no such file or directory, lstat '/root/HH1/artifacts/website/node_modules/react-hook-form/dist'
npm warn tar TAR_ENTRY_ERROR ENOENT: no such file or directory, lstat '/root/HH1/artifacts/website/node_modules/date-fns/locale'
npm warn tar TAR_ENTRY_ERROR ENOENT: no such file or directory, lstat '/root/HH1/artifacts/website/node_modules/recharts/lib'
npm warn tar TAR_ENTRY_ERROR ENOENT: no such file or directory, lstat '/root/HH1/artifacts/website/node_modules/framer-motion/dist'
npm warn tar TAR_ENTRY_ERROR ENOENT: no such file or directory, lstat '/root/HH1/artifacts/website/node_modules/react-day-picker/node_modules/date-fns/fp'
npm warn tar TAR_ENTRY_ERROR ENOENT: no such file or directory, lstat '/root/HH1/artifacts/website/node_modules/lucide-react/dist'
npm warn tar TAR_ENTRY_ERROR ENOENT: no such file or directory, lstat '/root/HH1/artifacts/website/node_modules/@simplewebauthn/browser/script'
npm warn tar TAR_ENTRY_ERROR ENOENT: no such file or directory, open '/root/HH1/artifacts/website/node_modules/react-dom/package.json'
npm warn tar TAR_ENTRY_ERROR ENOENT: no such file or directory, lstat '/root/HH1/artifacts/website/node_modules/@types/node/web-globals'
npm warn tar TAR_ENTRY_ERROR ENOENT: no such file or directory, lstat '/root/HH1/artifacts/website/node_modules/@tanstack/react-query/build'
npm warn tar TAR_ENTRY_ERROR ENOENT: no such file or directory, lstat '/root/HH1/artifacts/website/node_modules/zod/v4'
npm warn tar TAR_ENTRY_ERROR ENOENT: no such file or directory, lstat '/root/HH1/artifacts/website/node_modules/react-day-picker/dist'
npm warn tar TAR_ENTRY_ERROR ENOENT: no such file or directory, lstat '/root/HH1/artifacts/website/node_modules/@hookform/resolvers/computed-types'
npm warn tar TAR_ENTRY_ERROR ENOENT: no such file or directory, open '/root/HH1/artifacts/website/node_modules/react-dom/README.md'
npm warn tar TAR_ENTRY_ERROR ENOENT: no such file or directory, lstat '/root/HH1/artifacts/website/node_modules/@fontsource/inter/files'
npm warn tar TAR_ENTRY_ERROR ENOENT: no such file or directory, lstat '/root/HH1/artifacts/website/node_modules/react-hook-form/dist'
npm warn tar TAR_ENTRY_ERROR ENOENT: no such file or directory, lstat '/root/HH1/artifacts/website/node_modules/date-fns/locale'
npm warn tar TAR_ENTRY_ERROR ENOENT: no such file or directory, lstat '/root/HH1/artifacts/website/node_modules/recharts/es6'
npm warn tar TAR_ENTRY_ERROR ENOENT: no such file or directory, lstat '/root/HH1/artifacts/website/node_modules/react-day-picker/node_modules/date-fns/fp'
npm warn tar TAR_ENTRY_ERROR ENOENT: no such file or directory, lstat '/root/HH1/artifacts/website/node_modules/framer-motion/dist'
npm warn tar TAR_ENTRY_ERROR ENOENT: no such file or directory, lstat '/root/HH1/artifacts/website/node_modules/lucide-react/dist'
npm warn tar TAR_ENTRY_ERROR ENOENT: no such file or directory, lstat '/root/HH1/artifacts/website/node_modules/@simplewebauthn/browser/esm'
npm warn tar TAR_ENTRY_ERROR ENOENT: no such file or directory, lstat '/root/HH1/artifacts/website/node_modules/react-icons/ci'
npm warn tar TAR_ENTRY_ERROR ENOENT: no such file or directory, lstat '/root/HH1/artifacts/website/node_modules/@types/node/web-globals'
npm warn tar TAR_ENTRY_ERROR ENOENT: no such file or directory, lstat '/root/HH1/artifacts/website/node_modules/@tanstack/react-query/build'
npm warn tar TAR_ENTRY_ERROR ENOENT: no such file or directory, lstat '/root/HH1/artifacts/website/node_modules/zod/v4'
npm warn tar TAR_ENTRY_ERROR ENOENT: no such file or directory, lstat '/root/HH1/artifacts/website/node_modules/react-day-picker/dist'
npm warn tar TAR_ENTRY_ERROR ENOENT: no such file or directory, lstat '/root/HH1/artifacts/website/node_modules/@hookform/resolvers/computed-types'
npm warn tar TAR_ENTRY_ERROR ENOENT: no such file or directory, lstat '/root/HH1/artifacts/website/node_modules/@fontsource/inter/files'
npm warn tar TAR_ENTRY_ERROR ENOENT: no such file or directory, lstat '/root/HH1/artifacts/website/node_modules/react-hook-form/dist'
npm warn tar TAR_ENTRY_ERROR ENOENT: no such file or directory, lstat '/root/HH1/artifacts/website/node_modules/date-fns/locale'
npm warn tar TAR_ENTRY_ERROR ENOENT: no such file or directory, lstat '/root/HH1/artifacts/website/node_modules/recharts/lib'
npm warn tar TAR_ENTRY_ERROR ENOENT: no such file or directory, open '/root/HH1/artifacts/website/node_modules/react-day-picker/node_modules/date-fns/differenceInCalendarQuarters.cjs'
npm warn tar TAR_ENTRY_ERROR ENOENT: no such file or directory, lstat '/root/HH1/artifacts/website/node_modules/framer-motion/dist'
npm warn tar TAR_ENTRY_ERROR ENOENT: no such file or directory, lstat '/root/HH1/artifacts/website/node_modules/@simplewebauthn/browser/esm'
npm warn tar TAR_ENTRY_ERROR ENOENT: no such file or directory, lstat '/root/HH1/artifacts/website/node_modules/lucide-react/dist'
npm warn tar TAR_ENTRY_ERROR ENOENT: no such file or directory, lstat '/root/HH1/artifacts/website/node_modules/@types/node/web-globals'
npm warn tar TAR_ENTRY_ERROR ENOENT: no such file or directory, lstat '/root/HH1/artifacts/website/node_modules/@tanstack/react-query/build'
npm warn tar TAR_ENTRY_ERROR ENOENT: no such file or directory, lstat '/root/HH1/artifacts/website/node_modules/zod/v4'
npm warn tar TAR_ENTRY_ERROR ENOENT: no such file or directory, lstat '/root/HH1/artifacts/website/node_modules/react-day-picker/dist'
npm warn tar TAR_ENTRY_ERROR ENOENT: no such file or directory, lstat '/root/HH1/artifacts/website/node_modules/react-day-picker/node_modules/date-fns/fp'
npm warn tar TAR_ENTRY_ERROR ENOENT: no such file or directory, lstat '/root/HH1/artifacts/website/node_modules/@hookform/resolvers/effect-ts'
npm warn tar TAR_ENTRY_ERROR ENOENT: no such file or directory, lstat '/root/HH1/artifacts/website/node_modules/@fontsource/inter/files'
npm warn tar TAR_ENTRY_ERROR ENOENT: no such file or directory, lstat '/root/HH1/artifacts/website/node_modules/react-hook-form/dist'
npm warn tar TAR_ENTRY_ERROR ENOENT: no such file or directory, lstat '/root/HH1/artifacts/website/node_modules/date-fns/locale'
npm warn tar TAR_ENTRY_ERROR ENOENT: no such file or directory, lstat '/root/HH1/artifacts/website/node_modules/recharts/es6'
npm warn tar TAR_ENTRY_ERROR ENOENT: no such file or directory, lstat '/root/HH1/artifacts/website/node_modules/lucide-react/dist'
npm warn tar TAR_ENTRY_ERROR ENOENT: no such file or directory, lstat '/root/HH1/artifacts/website/node_modules/@simplewebauthn/browser/script'
npm warn tar TAR_ENTRY_ERROR ENOENT: no such file or directory, lstat '/root/HH1/artifacts/website/node_modules/react-icons/di'
npm warn tar TAR_ENTRY_ERROR ENOENT: no such file or directory, lstat '/root/HH1/artifacts/website/node_modules/@types/node/web-globals'
npm warn tar TAR_ENTRY_ERROR ENOENT: no such file or directory, lstat '/root/HH1/artifacts/website/node_modules/framer-motion/dist'
npm warn tar TAR_ENTRY_ERROR ENOENT: no such file or directory, lstat '/root/HH1/artifacts/website/node_modules/zod/v4'
npm warn tar TAR_ENTRY_ERROR ENOENT: no such file or directory, lstat '/root/HH1/artifacts/website/node_modules/@tanstack/react-query/build'
npm warn tar TAR_ENTRY_ERROR ENOENT: no such file or directory, lstat '/root/HH1/artifacts/website/node_modules/react-day-picker/node_modules/date-fns/fp'
npm warn tar TAR_ENTRY_ERROR ENOENT: no such file or directory, lstat '/root/HH1/artifacts/website/node_modules/@hookform/resolvers/effect-ts'
npm warn tar TAR_ENTRY_ERROR ENOENT: no such file or directory, lstat '/root/HH1/artifacts/website/node_modules/react-day-picker/dist'
npm warn tar TAR_ENTRY_ERROR ENOENT: no such file or directory, lstat '/root/HH1/artifacts/website/node_modules/react-hook-form/dist'
npm warn tar TAR_ENTRY_ERROR ENOENT: no such file or directory, lstat '/root/HH1/artifacts/website/node_modules/@fontsource/inter/files'
npm warn tar TAR_ENTRY_ERROR ENOENT: no such file or directory, lstat '/root/HH1/artifacts/website/node_modules/recharts/lib'
npm warn tar TAR_ENTRY_ERROR ENOENT: no such file or directory, lstat '/root/HH1/artifacts/website/node_modules/date-fns/locale'
npm warn tar TAR_ENTRY_ERROR ENOENT: no such file or directory, lstat '/root/HH1/artifacts/website/node_modules/@simplewebauthn/browser/script'
npm warn tar TAR_ENTRY_ERROR ENOENT: no such file or directory, lstat '/root/HH1/artifacts/website/node_modules/@types/node/web-globals'
npm warn tar TAR_ENTRY_ERROR ENOENT: no such file or directory, lstat '/root/HH1/artifacts/website/node_modules/lucide-react/dist'
npm warn tar TAR_ENTRY_ERROR ENOENT: no such file or directory, lstat '/root/HH1/artifacts/website/node_modules/framer-motion/dist'
npm warn tar TAR_ENTRY_ERROR ENOENT: no such file or directory, lstat '/root/HH1/artifacts/website/node_modules/zod/v4'
npm warn tar TAR_ENTRY_ERROR ENOENT: no such file or directory, lstat '/root/HH1/artifacts/website/node_modules/@tanstack/react-query/build'
npm warn tar TAR_ENTRY_ERROR ENOENT: no such file or directory, open '/root/HH1/artifacts/website/node_modules/react-day-picker/node_modules/date-fns/differenceInCalendarWeeks.cjs'
npm warn tar TAR_ENTRY_ERROR ENOENT: no such file or directory, lstat '/root/HH1/artifacts/website/node_modules/@hookform/resolvers/effect-ts'
npm warn tar TAR_ENTRY_ERROR ENOENT: no such file or directory, lstat '/root/HH1/artifacts/website/node_modules/react-day-picker/dist'
npm warn tar TAR_ENTRY_ERROR ENOENT: no such file or directory, lstat '/root/HH1/artifacts/website/node_modules/react-hook-form/dist'
npm warn tar TAR_ENTRY_ERROR ENOENT: no such file or directory, lstat '/root/HH1/artifacts/website/node_modules/@fontsource/inter/files'
npm warn tar TAR_ENTRY_ERROR ENOENT: no such file or directory, lstat '/root/HH1/artifacts/website/node_modules/recharts/es6'
npm warn tar TAR_ENTRY_ERROR ENOENT: no such file or directory, lstat '/root/HH1/artifacts/website/node_modules/date-fns/locale'
npm warn tar TAR_ENTRY_ERROR ENOENT: no such file or directory, lstat '/root/HH1/artifacts/website/node_modules/react-day-picker/node_modules/date-fns/fp'
npm warn tar TAR_ENTRY_ERROR ENOENT: no such file or directory, lstat '/root/HH1/artifacts/website/node_modules/@types/node/web-globals'
npm warn tar TAR_ENTRY_ERROR ENOENT: no such file or directory, lstat '/root/HH1/artifacts/website/node_modules/lucide-react/dist'
npm warn tar TAR_ENTRY_ERROR ENOENT: no such file or directory, lstat '/root/HH1/artifacts/website/node_modules/@simplewebauthn/browser/esm'
npm warn tar TAR_ENTRY_ERROR ENOENT: no such file or directory, lstat '/root/HH1/artifacts/website/node_modules/framer-motion/dist'
npm warn tar TAR_ENTRY_ERROR ENOENT: no such file or directory, lstat '/root/HH1/artifacts/website/node_modules/zod/v4'
npm warn tar TAR_ENTRY_ERROR ENOENT: no such file or directory, lstat '/root/HH1/artifacts/website/node_modules/@tanstack/react-query/build'
npm warn tar TAR_ENTRY_ERROR ENOENT: no such file or directory, lstat '/root/HH1/artifacts/website/node_modules/@hookform/resolvers/effect-ts'
npm warn tar TAR_ENTRY_ERROR ENOENT: no such file or directory, lstat '/root/HH1/artifacts/website/node_modules/react-day-picker/dist'
npm warn tar TAR_ENTRY_ERROR ENOENT: no such file or directory, lstat '/root/HH1/artifacts/website/node_modules/react-hook-form/dist'
npm warn tar TAR_ENTRY_ERROR ENOENT: no such file or directory, lstat '/root/HH1/artifacts/website/node_modules/@fontsource/inter/files'
npm warn tar TAR_ENTRY_ERROR ENOENT: no such file or directory, lstat '/root/HH1/artifacts/website/node_modules/recharts/lib'
npm warn tar TAR_ENTRY_ERROR ENOENT: no such file or directory, lstat '/root/HH1/artifacts/website/node_modules/react-day-picker/node_modules/date-fns/fp'
npm warn tar TAR_ENTRY_ERROR ENOENT: no such file or directory, lstat '/root/HH1/artifacts/website/node_modules/date-fns/locale'
npm warn tar TAR_ENTRY_ERROR ENOENT: no such file or directory, lstat '/root/HH1/artifacts/website/node_modules/@types/node/zlib'
npm warn tar TAR_ENTRY_ERROR ENOENT: no such file or directory, lstat '/root/HH1/artifacts/website/node_modules/lucide-react/dist'
npm warn tar TAR_ENTRY_ERROR ENOENT: no such file or directory, lstat '/root/HH1/artifacts/website/node_modules/@simplewebauthn/browser/script'
npm warn tar TAR_ENTRY_ERROR ENOENT: no such file or directory, lstat '/root/HH1/artifacts/website/node_modules/zod/v4'
npm warn tar TAR_ENTRY_ERROR ENOENT: no such file or directory, lstat '/root/HH1/artifacts/website/node_modules/framer-motion/dist'
npm warn tar TAR_ENTRY_ERROR ENOENT: no such file or directory, lstat '/root/HH1/artifacts/website/node_modules/@tanstack/react-query/build'
npm warn tar TAR_ENTRY_ERROR ENOENT: no such file or directory, lstat '/root/HH1/artifacts/website/node_modules/@hookform/resolvers/fluentvalidation-ts'
npm warn tar TAR_ENTRY_ERROR ENOENT: no such file or directory, lstat '/root/HH1/artifacts/website/node_modules/react-day-picker/dist'
npm warn tar TAR_ENTRY_ERROR ENOENT: no such file or directory, lstat '/root/HH1/artifacts/website/node_modules/react-hook-form/dist'
npm warn tar TAR_ENTRY_ERROR ENOENT: no such file or directory, lstat '/root/HH1/artifacts/website/node_modules/recharts/es6'
npm warn tar TAR_ENTRY_ERROR ENOENT: no such file or directory, lstat '/root/HH1/artifacts/website/node_modules/@fontsource/inter/files'
npm warn tar TAR_ENTRY_ERROR ENOENT: no such file or directory, open '/root/HH1/artifacts/website/node_modules/react-day-picker/node_modules/date-fns/differenceInCalendarYears.cjs'
npm warn tar TAR_ENTRY_ERROR ENOENT: no such file or directory, lstat '/root/HH1/artifacts/website/node_modules/@types/node/ts5.6'
npm warn tar TAR_ENTRY_ERROR ENOENT: no such file or directory, lstat '/root/HH1/artifacts/website/node_modules/lucide-react/dist'
npm warn tar TAR_ENTRY_ERROR ENOENT: no such file or directory, lstat '/root/HH1/artifacts/website/node_modules/@simplewebauthn/browser/esm'
npm warn tar TAR_ENTRY_ERROR ENOENT: no such file or directory, lstat '/root/HH1/artifacts/website/node_modules/date-fns/locale'
npm warn tar TAR_ENTRY_ERROR ENOENT: no such file or directory, lstat '/root/HH1/artifacts/website/node_modules/zod/v4'
npm warn tar TAR_ENTRY_ERROR ENOENT: no such file or directory, lstat '/root/HH1/artifacts/website/node_modules/@tanstack/react-query/build'
npm warn tar TAR_ENTRY_ERROR ENOENT: no such file or directory, lstat '/root/HH1/artifacts/website/node_modules/framer-motion/dist'
npm warn tar TAR_ENTRY_ERROR ENOENT: no such file or directory, lstat '/root/HH1/artifacts/website/node_modules/@hookform/resolvers/fluentvalidation-ts'
npm warn tar TAR_ENTRY_ERROR ENOENT: no such file or directory, lstat '/root/HH1/artifacts/website/node_modules/react-day-picker/dist'
npm warn tar TAR_ENTRY_ERROR ENOENT: no such file or directory, lstat '/root/HH1/artifacts/website/node_modules/react-hook-form/dist'
npm warn tar TAR_ENTRY_ERROR ENOENT: no such file or directory, lstat '/root/HH1/artifacts/website/node_modules/recharts/lib'
npm warn tar TAR_ENTRY_ERROR ENOENT: no such file or directory, lstat '/root/HH1/artifacts/website/node_modules/react-day-picker/node_modules/date-fns/fp'
npm warn tar TAR_ENTRY_ERROR ENOENT: no such file or directory, lstat '/root/HH1/artifacts/website/node_modules/@fontsource/inter/files'
npm warn tar TAR_ENTRY_ERROR ENOENT: no such file or directory, lstat '/root/HH1/artifacts/website/node_modules/@types/node/ts5.7'
npm warn tar TAR_ENTRY_ERROR ENOENT: no such file or directory, lstat '/root/HH1/artifacts/website/node_modules/lucide-react/dist'
npm warn tar TAR_ENTRY_ERROR ENOENT: no such file or directory, lstat '/root/HH1/artifacts/website/node_modules/@simplewebauthn/browser/script'
npm warn tar TAR_ENTRY_ERROR ENOENT: no such file or directory, lstat '/root/HH1/artifacts/website/node_modules/date-fns/locale'
npm warn tar TAR_ENTRY_ERROR ENOENT: no such file or directory, lstat '/root/HH1/artifacts/website/node_modules/zod/v4'
npm warn tar TAR_ENTRY_ERROR ENOENT: no such file or directory, lstat '/root/HH1/artifacts/website/node_modules/@tanstack/react-query/build'
npm warn tar TAR_ENTRY_ERROR ENOENT: no such file or directory, lstat '/root/HH1/artifacts/website/node_modules/framer-motion/dist'
npm warn tar TAR_ENTRY_ERROR ENOENT: no such file or directory, lstat '/root/HH1/artifacts/website/node_modules/@hookform/resolvers/fluentvalidation-ts'
npm warn tar TAR_ENTRY_ERROR ENOENT: no such file or directory, lstat '/root/HH1/artifacts/website/node_modules/react-day-picker/dist'
npm warn tar TAR_ENTRY_ERROR ENOENT: no such file or directory, lstat '/root/HH1/artifacts/website/node_modules/recharts/es6'
npm warn tar TAR_ENTRY_ERROR ENOENT: no such file or directory, lstat '/root/HH1/artifacts/website/node_modules/react-icons/fa'
npm warn tar TAR_ENTRY_ERROR ENOENT: no such file or directory, lstat '/root/HH1/artifacts/website/node_modules/react-day-picker/node_modules/date-fns/fp'
npm warn tar TAR_ENTRY_ERROR ENOENT: no such file or directory, lstat '/root/HH1/artifacts/website/node_modules/@fontsource/inter/files'
npm warn tar TAR_ENTRY_ERROR ENOENT: no such file or directory, lstat '/root/HH1/artifacts/website/node_modules/lucide-react/dist'
npm warn tar TAR_ENTRY_ERROR ENOENT: no such file or directory, lstat '/root/HH1/artifacts/website/node_modules/@simplewebauthn/browser/esm'
npm warn tar TAR_ENTRY_ERROR ENOENT: no such file or directory, lstat '/root/HH1/artifacts/website/node_modules/date-fns/locale'
npm warn tar TAR_ENTRY_ERROR ENOENT: no such file or directory, lstat '/root/HH1/artifacts/website/node_modules/zod/v4'
npm warn tar TAR_ENTRY_ERROR ENOENT: no such file or directory, lstat '/root/HH1/artifacts/website/node_modules/@tanstack/react-query/build'
npm warn tar TAR_ENTRY_ERROR ENOENT: no such file or directory, lstat '/root/HH1/artifacts/website/node_modules/react-hook-form/dist'
npm warn tar TAR_ENTRY_ERROR ENOENT: no such file or directory, lstat '/root/HH1/artifacts/website/node_modules/framer-motion/dist'
npm warn tar TAR_ENTRY_ERROR ENOENT: no such file or directory, lstat '/root/HH1/artifacts/website/node_modules/@hookform/resolvers/fluentvalidation-ts'
npm warn tar TAR_ENTRY_ERROR ENOENT: no such file or directory, lstat '/root/HH1/artifacts/website/node_modules/react-day-picker/dist'
npm warn tar TAR_ENTRY_ERROR ENOENT: no such file or directory, lstat '/root/HH1/artifacts/website/node_modules/recharts/lib'
npm warn tar TAR_ENTRY_ERROR ENOENT: no such file or directory, open '/root/HH1/artifacts/website/node_modules/react-day-picker/node_modules/date-fns/differenceInDays.cjs'
npm warn tar TAR_ENTRY_ERROR ENOENT: no such file or directory, lstat '/root/HH1/artifacts/website/node_modules/@fontsource/inter/files'
npm warn tar TAR_ENTRY_ERROR ENOENT: no such file or directory, lstat '/root/HH1/artifacts/website/node_modules/lucide-react/dist'
npm warn tar TAR_ENTRY_ERROR ENOENT: no such file or directory, lstat '/root/HH1/artifacts/website/node_modules/@simplewebauthn/browser/script'
npm warn tar TAR_ENTRY_ERROR ENOENT: no such file or directory, lstat '/root/HH1/artifacts/website/node_modules/date-fns/locale'
npm warn tar TAR_ENTRY_ERROR ENOENT: no such file or directory, lstat '/root/HH1/artifacts/website/node_modules/zod/v4'
npm warn tar TAR_ENTRY_ERROR ENOENT: no such file or directory, lstat '/root/HH1/artifacts/website/node_modules/@tanstack/react-query/build'
npm warn tar TAR_ENTRY_ERROR ENOENT: no such file or directory, lstat '/root/HH1/artifacts/website/node_modules/react-hook-form/dist'
npm warn tar TAR_ENTRY_ERROR ENOENT: no such file or directory, lstat '/root/HH1/artifacts/website/node_modules/react-day-picker/node_modules/date-fns/fp'
npm warn tar TAR_ENTRY_ERROR ENOENT: no such file or directory, lstat '/root/HH1/artifacts/website/node_modules/@hookform/resolvers/io-ts'
npm warn tar TAR_ENTRY_ERROR ENOENT: no such file or directory, lstat '/root/HH1/artifacts/website/node_modules/framer-motion/dist'
npm warn tar TAR_ENTRY_ERROR ENOENT: no such file or directory, lstat '/root/HH1/artifacts/website/node_modules/react-day-picker/dist'
npm warn tar TAR_ENTRY_ERROR ENOENT: no such file or directory, lstat '/root/HH1/artifacts/website/node_modules/recharts/es6'
npm warn tar TAR_ENTRY_ERROR ENOENT: no such file or directory, lstat '/root/HH1/artifacts/website/node_modules/@fontsource/inter/files'
npm warn tar TAR_ENTRY_ERROR ENOENT: no such file or directory, lstat '/root/HH1/artifacts/website/node_modules/lucide-react/dist'
npm warn tar TAR_ENTRY_ERROR ENOENT: no such file or directory, lstat '/root/HH1/artifacts/website/node_modules/date-fns/locale'
npm warn tar TAR_ENTRY_ERROR ENOENT: no such file or directory, lstat '/root/HH1/artifacts/website/node_modules/zod/v4'
npm warn tar TAR_ENTRY_ERROR ENOENT: no such file or directory, lstat '/root/HH1/artifacts/website/node_modules/@tanstack/react-query/build'
npm warn tar TAR_ENTRY_ERROR ENOENT: no such file or directory, lstat '/root/HH1/artifacts/website/node_modules/react-hook-form/dist'
npm warn tar TAR_ENTRY_ERROR ENOENT: no such file or directory, lstat '/root/HH1/artifacts/website/node_modules/react-day-picker/node_modules/date-fns/fp'
npm warn tar TAR_ENTRY_ERROR ENOENT: no such file or directory, lstat '/root/HH1/artifacts/website/node_modules/@hookform/resolvers/io-ts'
npm warn tar TAR_ENTRY_ERROR ENOENT: no such file or directory, lstat '/root/HH1/artifacts/website/node_modules/framer-motion/dist'
npm warn tar TAR_ENTRY_ERROR ENOENT: no such file or directory, lstat '/root/HH1/artifacts/website/node_modules/@simplewebauthn/browser/esm'
npm warn tar TAR_ENTRY_ERROR ENOENT: no such file or directory, lstat '/root/HH1/artifacts/website/node_modules/react-day-picker/dist'
npm warn tar TAR_ENTRY_ERROR ENOENT: no such file or directory, lstat '/root/HH1/artifacts/website/node_modules/recharts/lib'
npm warn tar TAR_ENTRY_ERROR ENOENT: no such file or directory, lstat '/root/HH1/artifacts/website/node_modules/@fontsource/inter/files'
npm warn tar TAR_ENTRY_ERROR ENOENT: no such file or directory, lstat '/root/HH1/artifacts/website/node_modules/lucide-react/dist'
npm warn tar TAR_ENTRY_ERROR ENOENT: no such file or directory, lstat '/root/HH1/artifacts/website/node_modules/date-fns/locale'
npm warn tar TAR_ENTRY_ERROR ENOENT: no such file or directory, lstat '/root/HH1/artifacts/website/node_modules/zod/v4'
npm warn tar TAR_ENTRY_ERROR ENOENT: no such file or directory, lstat '/root/HH1/artifacts/website/node_modules/@tanstack/react-query/build'
npm warn tar TAR_ENTRY_ERROR ENOENT: no such file or directory, lstat '/root/HH1/artifacts/website/node_modules/react-hook-form/dist'
npm warn tar TAR_ENTRY_ERROR ENOENT: no such file or directory, open '/root/HH1/artifacts/website/node_modules/react-day-picker/node_modules/date-fns/differenceInHours.cjs'
npm warn tar TAR_ENTRY_ERROR ENOENT: no such file or directory, lstat '/root/HH1/artifacts/website/node_modules/@hookform/resolvers/io-ts'
npm warn tar TAR_ENTRY_ERROR ENOENT: no such file or directory, lstat '/root/HH1/artifacts/website/node_modules/framer-motion/dist'
npm warn tar TAR_ENTRY_ERROR ENOENT: no such file or directory, lstat '/root/HH1/artifacts/website/node_modules/react-day-picker/dist'
npm warn tar TAR_ENTRY_ERROR ENOENT: no such file or directory, lstat '/root/HH1/artifacts/website/node_modules/@simplewebauthn/browser/script'
npm warn tar TAR_ENTRY_ERROR ENOENT: no such file or directory, lstat '/root/HH1/artifacts/website/node_modules/recharts/es6'
npm warn tar TAR_ENTRY_ERROR ENOENT: no such file or directory, lstat '/root/HH1/artifacts/website/node_modules/react-day-picker/node_modules/date-fns/fp'
npm warn tar TAR_ENTRY_ERROR ENOENT: no such file or directory, lstat '/root/HH1/artifacts/website/node_modules/lucide-react/dist'
npm warn tar TAR_ENTRY_ERROR ENOENT: no such file or directory, lstat '/root/HH1/artifacts/website/node_modules/@fontsource/inter/files'
npm warn tar TAR_ENTRY_ERROR ENOENT: no such file or directory, lstat '/root/HH1/artifacts/website/node_modules/date-fns/locale'
npm warn tar TAR_ENTRY_ERROR ENOENT: no such file or directory, lstat '/root/HH1/artifacts/website/node_modules/zod/v4'
npm warn tar TAR_ENTRY_ERROR ENOENT: no such file or directory, lstat '/root/HH1/artifacts/website/node_modules/@tanstack/react-query/build'
npm warn tar TAR_ENTRY_ERROR ENOENT: no such file or directory, lstat '/root/HH1/artifacts/website/node_modules/react-hook-form/dist'
npm warn tar TAR_ENTRY_ERROR ENOENT: no such file or directory, lstat '/root/HH1/artifacts/website/node_modules/@hookform/resolvers/io-ts'
npm warn tar TAR_ENTRY_ERROR ENOENT: no such file or directory, lstat '/root/HH1/artifacts/website/node_modules/framer-motion/dist'
npm warn tar TAR_ENTRY_ERROR ENOENT: no such file or directory, lstat '/root/HH1/artifacts/website/node_modules/@simplewebauthn/browser/esm'
npm warn tar TAR_ENTRY_ERROR ENOENT: no such file or directory, lstat '/root/HH1/artifacts/website/node_modules/react-day-picker/dist'
npm warn tar TAR_ENTRY_ERROR ENOENT: no such file or directory, lstat '/root/HH1/artifacts/website/node_modules/recharts/lib'
npm warn tar TAR_ENTRY_ERROR ENOENT: no such file or directory, lstat '/root/HH1/artifacts/website/node_modules/react-day-picker/node_modules/date-fns/fp'
npm warn tar TAR_ENTRY_ERROR ENOENT: no such file or directory, lstat '/root/HH1/artifacts/website/node_modules/lucide-react/dist'
npm warn tar TAR_ENTRY_ERROR ENOENT: no such file or directory, lstat '/root/HH1/artifacts/website/node_modules/date-fns/locale'
npm warn tar TAR_ENTRY_ERROR ENOENT: no such file or directory, lstat '/root/HH1/artifacts/website/node_modules/@fontsource/inter/files'
npm warn tar TAR_ENTRY_ERROR ENOENT: no such file or directory, lstat '/root/HH1/artifacts/website/node_modules/zod/v4'
npm warn tar TAR_ENTRY_ERROR ENOENT: no such file or directory, lstat '/root/HH1/artifacts/website/node_modules/@tanstack/react-query/build'
npm warn tar TAR_ENTRY_ERROR ENOENT: no such file or directory, lstat '/root/HH1/artifacts/website/node_modules/react-hook-form/dist'
npm warn tar TAR_ENTRY_ERROR ENOENT: no such file or directory, lstat '/root/HH1/artifacts/website/node_modules/@hookform/resolvers/joi'
npm warn tar TAR_ENTRY_ERROR ENOENT: no such file or directory, lstat '/root/HH1/artifacts/website/node_modules/framer-motion/dist'
npm warn tar TAR_ENTRY_ERROR ENOENT: no such file or directory, lstat '/root/HH1/artifacts/website/node_modules/@simplewebauthn/browser/script'
npm warn tar TAR_ENTRY_ERROR ENOENT: no such file or directory, lstat '/root/HH1/artifacts/website/node_modules/react-day-picker/dist'
npm warn tar TAR_ENTRY_ERROR ENOENT: no such file or directory, lstat '/root/HH1/artifacts/website/node_modules/recharts/es6'
npm warn tar TAR_ENTRY_ERROR ENOENT: no such file or directory, open '/root/HH1/artifacts/website/node_modules/react-day-picker/node_modules/date-fns/differenceInISOWeekYears.cjs'
npm warn tar TAR_ENTRY_ERROR ENOENT: no such file or directory, lstat '/root/HH1/artifacts/website/node_modules/lucide-react/dist'
npm warn tar TAR_ENTRY_ERROR ENOENT: no such file or directory, lstat '/root/HH1/artifacts/website/node_modules/@fontsource/inter/files'
npm warn tar TAR_ENTRY_ERROR ENOENT: no such file or directory, lstat '/root/HH1/artifacts/website/node_modules/zod/v3'
npm warn tar TAR_ENTRY_ERROR ENOENT: no such file or directory, lstat '/root/HH1/artifacts/website/node_modules/date-fns/locale'
npm warn tar TAR_ENTRY_ERROR ENOENT: no such file or directory, lstat '/root/HH1/artifacts/website/node_modules/@tanstack/react-query/build'
npm warn tar TAR_ENTRY_ERROR ENOENT: no such file or directory, lstat '/root/HH1/artifacts/website/node_modules/react-day-picker/node_modules/date-fns/fp'
npm warn tar TAR_ENTRY_ERROR ENOENT: no such file or directory, lstat '/root/HH1/artifacts/website/node_modules/react-hook-form/dist'
npm warn tar TAR_ENTRY_ERROR ENOENT: no such file or directory, lstat '/root/HH1/artifacts/website/node_modules/@hookform/resolvers/joi'
npm warn tar TAR_ENTRY_ERROR ENOENT: no such file or directory, lstat '/root/HH1/artifacts/website/node_modules/framer-motion/dist'
npm warn tar TAR_ENTRY_ERROR ENOENT: no such file or directory, lstat '/root/HH1/artifacts/website/node_modules/@simplewebauthn/browser/esm'
npm warn tar TAR_ENTRY_ERROR ENOENT: no such file or directory, lstat '/root/HH1/artifacts/website/node_modules/react-day-picker/dist'
npm warn tar TAR_ENTRY_ERROR ENOENT: no such file or directory, lstat '/root/HH1/artifacts/website/node_modules/recharts/lib'
npm warn tar TAR_ENTRY_ERROR ENOENT: no such file or directory, lstat '/root/HH1/artifacts/website/node_modules/lucide-react/dist'
npm warn tar TAR_ENTRY_ERROR ENOENT: no such file or directory, lstat '/root/HH1/artifacts/website/node_modules/@fontsource/inter/files'
npm warn tar TAR_ENTRY_ERROR ENOENT: no such file or directory, lstat '/root/HH1/artifacts/website/node_modules/zod/v4'
npm warn tar TAR_ENTRY_ERROR ENOENT: no such file or directory, lstat '/root/HH1/artifacts/website/node_modules/date-fns/locale'
npm warn tar TAR_ENTRY_ERROR ENOENT: no such file or directory, lstat '/root/HH1/artifacts/website/node_modules/@tanstack/react-query/build'
npm warn tar TAR_ENTRY_ERROR ENOENT: no such file or directory, lstat '/root/HH1/artifacts/website/node_modules/react-day-picker/node_modules/date-fns/fp'
npm warn tar TAR_ENTRY_ERROR ENOENT: no such file or directory, lstat '/root/HH1/artifacts/website/node_modules/react-hook-form/dist'
npm warn tar TAR_ENTRY_ERROR ENOENT: no such file or directory, lstat '/root/HH1/artifacts/website/node_modules/@hookform/resolvers/joi'
npm warn tar TAR_ENTRY_ERROR ENOENT: no such file or directory, lstat '/root/HH1/artifacts/website/node_modules/framer-motion/dist'
npm warn tar TAR_ENTRY_ERROR ENOENT: no such file or directory, lstat '/root/HH1/artifacts/website/node_modules/@simplewebauthn/browser/script'
npm warn tar TAR_ENTRY_ERROR ENOENT: no such file or directory, lstat '/root/HH1/artifacts/website/node_modules/react-day-picker/dist'
npm warn tar TAR_ENTRY_ERROR ENOENT: no such file or directory, lstat '/root/HH1/artifacts/website/node_modules/recharts/es6'
npm warn tar TAR_ENTRY_ERROR ENOENT: no such file or directory, lstat '/root/HH1/artifacts/website/node_modules/lucide-react/dist'
npm warn tar TAR_ENTRY_ERROR ENOENT: no such file or directory, lstat '/root/HH1/artifacts/website/node_modules/@fontsource/inter/files'
npm warn tar TAR_ENTRY_ERROR ENOENT: no such file or directory, lstat '/root/HH1/artifacts/website/node_modules/zod/v3'
npm warn tar TAR_ENTRY_ERROR ENOENT: no such file or directory, lstat '/root/HH1/artifacts/website/node_modules/date-fns/locale'
npm warn tar TAR_ENTRY_ERROR ENOENT: no such file or directory, open '/root/HH1/artifacts/website/node_modules/react-day-picker/node_modules/date-fns/differenceInMilliseconds.cjs'
npm warn tar TAR_ENTRY_ERROR ENOENT: no such file or directory, lstat '/root/HH1/artifacts/website/node_modules/@tanstack/react-query/build'
npm warn tar TAR_ENTRY_ERROR ENOENT: no such file or directory, lstat '/root/HH1/artifacts/website/node_modules/react-hook-form/dist'
npm warn tar TAR_ENTRY_ERROR ENOENT: no such file or directory, lstat '/root/HH1/artifacts/website/node_modules/@hookform/resolvers/joi'
npm warn tar TAR_ENTRY_ERROR ENOENT: no such file or directory, lstat '/root/HH1/artifacts/website/node_modules/framer-motion/dist'
npm warn tar TAR_ENTRY_ERROR ENOENT: no such file or directory, lstat '/root/HH1/artifacts/website/node_modules/@simplewebauthn/browser/esm'
npm warn tar TAR_ENTRY_ERROR ENOENT: no such file or directory, lstat '/root/HH1/artifacts/website/node_modules/react-day-picker/dist'
npm warn tar TAR_ENTRY_ERROR ENOENT: no such file or directory, lstat '/root/HH1/artifacts/website/node_modules/react-day-picker/node_modules/date-fns/fp'
npm warn tar TAR_ENTRY_ERROR ENOENT: no such file or directory, lstat '/root/HH1/artifacts/website/node_modules/lucide-react/dist'
npm warn tar TAR_ENTRY_ERROR ENOENT: no such file or directory, lstat '/root/HH1/artifacts/website/node_modules/recharts/lib'
npm warn tar TAR_ENTRY_ERROR ENOENT: no such file or directory, lstat '/root/HH1/artifacts/website/node_modules/zod/v4'
npm warn tar TAR_ENTRY_ERROR ENOENT: no such file or directory, lstat '/root/HH1/artifacts/website/node_modules/date-fns/locale'
npm warn tar TAR_ENTRY_ERROR ENOENT: no such file or directory, lstat '/root/HH1/artifacts/website/node_modules/@fontsource/inter/files'
npm warn tar TAR_ENTRY_ERROR ENOENT: no such file or directory, lstat '/root/HH1/artifacts/website/node_modules/@tanstack/react-query/build'
npm warn tar TAR_ENTRY_ERROR ENOENT: no such file or directory, lstat '/root/HH1/artifacts/website/node_modules/react-hook-form/dist'
npm warn tar TAR_ENTRY_ERROR ENOENT: no such file or directory, lstat '/root/HH1/artifacts/website/node_modules/framer-motion/dist'
npm warn tar TAR_ENTRY_ERROR ENOENT: no such file or directory, lstat '/root/HH1/artifacts/website/node_modules/@hookform/resolvers/nope'
npm warn tar TAR_ENTRY_ERROR ENOENT: no such file or directory, lstat '/root/HH1/artifacts/website/node_modules/@simplewebauthn/browser/script'
npm warn tar TAR_ENTRY_ERROR ENOENT: no such file or directory, lstat '/root/HH1/artifacts/website/node_modules/react-day-picker/dist'
npm warn tar TAR_ENTRY_ERROR ENOENT: no such file or directory, open '/root/HH1/artifacts/website/node_modules/react-day-picker/node_modules/date-fns/differenceInMinutes.cjs'
npm warn tar TAR_ENTRY_ERROR ENOENT: no such file or directory, lstat '/root/HH1/artifacts/website/node_modules/lucide-react/dist'
npm warn tar TAR_ENTRY_ERROR ENOENT: no such file or directory, lstat '/root/HH1/artifacts/website/node_modules/recharts/es6'
npm warn tar TAR_ENTRY_ERROR ENOENT: no such file or directory, lstat '/root/HH1/artifacts/website/node_modules/zod/v3'
npm warn tar TAR_ENTRY_ERROR ENOENT: no such file or directory, lstat '/root/HH1/artifacts/website/node_modules/date-fns/locale'
npm warn tar TAR_ENTRY_ERROR ENOENT: no such file or directory, lstat '/root/HH1/artifacts/website/node_modules/@fontsource/inter/files'
npm warn tar TAR_ENTRY_ERROR ENOENT: no such file or directory, lstat '/root/HH1/artifacts/website/node_modules/@tanstack/react-query/build'
npm warn tar TAR_ENTRY_ERROR ENOENT: no such file or directory, lstat '/root/HH1/artifacts/website/node_modules/react-day-picker/node_modules/date-fns/fp'
npm warn tar TAR_ENTRY_ERROR ENOENT: no such file or directory, lstat '/root/HH1/artifacts/website/node_modules/react-hook-form/dist'
npm warn tar TAR_ENTRY_ERROR ENOENT: no such file or directory, lstat '/root/HH1/artifacts/website/node_modules/framer-motion/dist'
npm warn tar TAR_ENTRY_ERROR ENOENT: no such file or directory, lstat '/root/HH1/artifacts/website/node_modules/@hookform/resolvers/nope'
npm warn tar TAR_ENTRY_ERROR ENOENT: no such file or directory, lstat '/root/HH1/artifacts/website/node_modules/@simplewebauthn/browser/esm'
npm warn tar TAR_ENTRY_ERROR ENOENT: no such file or directory, lstat '/root/HH1/artifacts/website/node_modules/react-day-picker/dist'
npm warn tar TAR_ENTRY_ERROR ENOENT: no such file or directory, lstat '/root/HH1/artifacts/website/node_modules/recharts/lib'
npm warn tar TAR_ENTRY_ERROR ENOENT: no such file or directory, lstat '/root/HH1/artifacts/website/node_modules/lucide-react/dist'
npm warn tar TAR_ENTRY_ERROR ENOENT: no such file or directory, lstat '/root/HH1/artifacts/website/node_modules/zod/v4'
npm warn tar TAR_ENTRY_ERROR ENOENT: no such file or directory, lstat '/root/HH1/artifacts/website/node_modules/date-fns/locale'
npm warn tar TAR_ENTRY_ERROR ENOENT: no such file or directory, lstat '/root/HH1/artifacts/website/node_modules/@fontsource/inter/files'
npm warn tar TAR_ENTRY_ERROR ENOENT: no such file or directory, lstat '/root/HH1/artifacts/website/node_modules/@tanstack/react-query/build'
npm warn tar TAR_ENTRY_ERROR ENOENT: no such file or directory, lstat '/root/HH1/artifacts/website/node_modules/react-day-picker/node_modules/date-fns/fp'
npm warn tar TAR_ENTRY_ERROR ENOENT: no such file or directory, lstat '/root/HH1/artifacts/website/node_modules/react-hook-form/dist'
npm warn tar TAR_ENTRY_ERROR ENOENT: no such file or directory, lstat '/root/HH1/artifacts/website/node_modules/framer-motion/dist'
npm warn tar TAR_ENTRY_ERROR ENOENT: no such file or directory, lstat '/root/HH1/artifacts/website/node_modules/@hookform/resolvers/nope'
npm warn tar TAR_ENTRY_ERROR ENOENT: no such file or directory, lstat '/root/HH1/artifacts/website/node_modules/@simplewebauthn/browser/script'
npm warn tar TAR_ENTRY_ERROR ENOENT: no such file or directory, lstat '/root/HH1/artifacts/website/node_modules/react-day-picker/dist'
npm warn tar TAR_ENTRY_ERROR ENOENT: no such file or directory, lstat '/root/HH1/artifacts/website/node_modules/recharts/es6'
npm warn tar TAR_ENTRY_ERROR ENOENT: no such file or directory, lstat '/root/HH1/artifacts/website/node_modules/lucide-react/dist'
npm warn tar TAR_ENTRY_ERROR ENOENT: no such file or directory, lstat '/root/HH1/artifacts/website/node_modules/zod/v4'
npm warn tar TAR_ENTRY_ERROR ENOENT: no such file or directory, lstat '/root/HH1/artifacts/website/node_modules/@fontsource/inter/files'
npm warn tar TAR_ENTRY_ERROR ENOENT: no such file or directory, lstat '/root/HH1/artifacts/website/node_modules/@tanstack/react-query/build'
npm warn tar TAR_ENTRY_ERROR ENOENT: no such file or directory, open '/root/HH1/artifacts/website/node_modules/react-day-picker/node_modules/date-fns/differenceInMonths.cjs'
npm warn tar TAR_ENTRY_ERROR ENOENT: no such file or directory, lstat '/root/HH1/artifacts/website/node_modules/date-fns/locale'
npm warn tar TAR_ENTRY_ERROR ENOENT: no such file or directory, lstat '/root/HH1/artifacts/website/node_modules/react-hook-form/dist'
npm warn tar TAR_ENTRY_ERROR ENOENT: no such file or directory, lstat '/root/HH1/artifacts/website/node_modules/@hookform/resolvers/nope'
npm warn tar TAR_ENTRY_ERROR ENOENT: no such file or directory, lstat '/root/HH1/artifacts/website/node_modules/react-day-picker/dist'
npm warn tar TAR_ENTRY_ERROR ENOENT: no such file or directory, lstat '/root/HH1/artifacts/website/node_modules/react-day-picker/node_modules/date-fns/fp'
npm warn tar TAR_ENTRY_ERROR ENOENT: no such file or directory, lstat '/root/HH1/artifacts/website/node_modules/lucide-react/dist'
npm warn tar TAR_ENTRY_ERROR ENOENT: no such file or directory, lstat '/root/HH1/artifacts/website/node_modules/recharts/lib'
npm warn tar TAR_ENTRY_ERROR ENOENT: no such file or directory, lstat '/root/HH1/artifacts/website/node_modules/react-icons/fa6'
npm warn tar TAR_ENTRY_ERROR ENOENT: no such file or directory, lstat '/root/HH1/artifacts/website/node_modules/@fontsource/inter/files'
npm warn tar TAR_ENTRY_ERROR ENOENT: no such file or directory, lstat '/root/HH1/artifacts/website/node_modules/zod/v3'
npm warn tar TAR_ENTRY_ERROR ENOENT: no such file or directory, lstat '/root/HH1/artifacts/website/node_modules/@tanstack/react-query/build'
npm warn tar TAR_ENTRY_ERROR ENOENT: no such file or directory, lstat '/root/HH1/artifacts/website/node_modules/date-fns/locale'
npm warn tar TAR_ENTRY_ERROR ENOENT: no such file or directory, lstat '/root/HH1/artifacts/website/node_modules/react-hook-form/dist'
npm warn tar TAR_ENTRY_ERROR ENOENT: no such file or directory, lstat '/root/HH1/artifacts/website/node_modules/framer-motion/dist'
npm warn tar TAR_ENTRY_ERROR ENOENT: no such file or directory, lstat '/root/HH1/artifacts/website/node_modules/@hookform/resolvers/dist'
npm warn tar TAR_ENTRY_ERROR ENOENT: no such file or directory, lstat '/root/HH1/artifacts/website/node_modules/react-day-picker/dist'
